forename,surname,party_name,candidate_reg_number,candidate_id,candidate_votes,district_number,quota,vrd,v1,v2,v3,elected,reserved
KAJA,KALLAS,Eesti Reformierakond,821,10445,31816,4,4.8212,0.0000,true,false,false,true,false
KRISTEN,MICHAL,Eesti Reformierakond,784,10423,9214,1,1.4955,0.0000,true,false,false,true,false
URMAS,PAET,Eesti Reformierakond,811,10460,9154,3,1.4336,0.0000,true,false,false,true,false
URMAS,KLAAS,Eesti Reformierakond,880,10429,8065,10,1.3149,0.0000,true,false,false,true,false
SIIM,KALLAS,Eesti Reformierakond,796,10452,7393,2,1.2847,0.0000,true,false,false,true,false
HANNO,PEVKUR,Eesti Reformierakond,847,10359,6567,6,1.1612,0.0000,true,false,false,true,false
URMAS,KRUUSE,Eesti Reformierakond,871,10425,6235,9,0.9308,0.0000,false,true,false,true,false
JÜRGEN,LIGI,Eesti Reformierakond,862,10327,5797,8,1.0326,0.0000,true,false,false,true,false
SIGNE,RIISALO,Eesti Reformierakond,785,10346,4523,1,0.7341,0.0000,false,true,false,true,false
ANNELY,AKKERMANN,Eesti Reformierakond,901,10457,4381,12,0.6990,0.0000,false,true,false,true,false
KALLE,LAANET,Eesti Reformierakond,839,10337,4347,5,0.7274,0.0000,false,true,false,true,false
HEIDY,PURGA,Eesti Reformierakond,797,10395,4161,2,0.7230,0.0000,false,true,false,true,false
TOOMAS,KIVIMÄGI,Eesti Reformierakond,900,10453,4099,12,0.6540,0.0000,false,true,false,true,false
MARIS,LAURI,Eesti Reformierakond,812,10373,4085,3,0.6397,0.0000,false,true,false,true,false
LIINA,KERSNA,Eesti Reformierakond,890,10315,4073,11,0.7338,0.0000,false,true,false,true,false
KARMEN,JOLLER,Eesti Reformierakond,799,10454,3566,2,0.6197,0.0000,false,true,false,true,false
ANDRES,SUTT,Eesti Reformierakond,798,10411,3315,2,0.5760,0.0000,false,true,false,true,false
LUISA,RÕIVAS,Eesti Reformierakond,872,10404,2939,9,0.4387,0.0000,false,true,false,true,false
MARKO,MIHKELSON,Eesti Reformierakond,822,10424,2640,4,0.4001,0.0000,false,true,false,true,false
PIPI-LIIS,SIEMANN,Eesti Reformierakond,863,10330,2498,8,0.4450,0.0000,false,true,false,true,false
URVE,TIIDUS,Eesti Reformierakond,840,10357,2085,5,0.3489,6891.9451,false,false,false,false,true
YOKO,ALENDER,Eesti Reformierakond,881,10421,2051,10,0.3344,0.0000,false,true,false,true,false
ANTS,LAANEOTS,Eesti Reformierakond,882,10463,1869,10,0.3047,0.0000,false,true,false,true,false
TOOMAS,JÄRVEOJA,Eesti Reformierakond,874,10334,1688,9,0.2520,6198.7560,false,false,false,false,true
MAIDO,RUUSMANN,Eesti Reformierakond,892,10436,1500,11,0.2703,0.0000,false,true,false,true,false
PÄRTEL-PEETER,PERE,Eesti Reformierakond,788,10426,1474,1,0.2392,0.0000,false,true,false,true,false
ERKKI,KELDO,Eesti Reformierakond,873,10459,1445,9,0.2157,8669.0255,false,false,true,true,false
EERIK-NIILES,KROSS,Eesti Reformierakond,891,10409,1428,11,0.2573,8424.8237,false,false,true,true,false
MEELIS,KIILI,Eesti Reformierakond,854,10323,1289,7,0.2618,0.0000,false,true,false,true,false
SIGNE,KIVI,Eesti Reformierakond,885,10366,1286,10,0.2097,7977.4626,false,false,true,true,false
AIVAR,SÕERD,Eesti Reformierakond,824,10355,1248,4,0.1891,0.0000,false,true,false,true,false
VILJA,TOOMAST,Eesti Reformierakond,814,10458,1205,3,0.1887,0.0000,false,true,false,true,false
VALDO,RANDPERE,Eesti Reformierakond,800,10343,1169,2,0.2031,6740.4724,false,false,false,false,true
LAURA,KIVISELG,Eesti Reformierakond,907,10442,1107,12,0.1766,4060.6593,false,false,false,false,true
MARGIT,SUTROP,Eesti Reformierakond,883,10369,1102,10,0.1797,5848.9605,false,false,false,false,true
JÜRI,JAANSON,Eesti Reformierakond,902,10439,1069,12,0.1706,6457.6454,false,false,false,false,true
HANAH,LAHE,Eesti Reformierakond,789,10356,1050,1,0.1704,6077.3431,false,false,false,false,true
MIHKEL,LEES,Eesti Reformierakond,884,10405,1038,10,0.1692,6325.4058,false,false,false,false,true
TIMO,SUSLOV,Eesti Reformierakond,826,10353,1033,4,0.1565,0.0000,false,true,false,true,false
AIVAR,VIIDIK,Eesti Reformierakond,841,10350,1029,5,0.1722,5349.9229,false,false,false,false,true
KRISTINA,ŠMIGUN-VÄHI,Eesti Reformierakond,825,10367,1005,4,0.1523,0.0000,false,true,false,true,false
MAIT,KLAASSEN,Eesti Reformierakond,899,10344,968,11,0.1744,7217.5627,false,false,false,false,true
MARIO,KADASTIK,Eesti Reformierakond,827,10324,962,4,0.1458,0.0000,false,true,false,true,false
MARIS,TOOMEL,Eesti Reformierakond,855,10422,958,7,0.1946,5174.5118,false,false,false,false,true
MADIS,TIMPSON,Eesti Reformierakond,864,10358,947,8,0.1687,5960.8437,false,false,false,false,true
MART,VÕRKLAEV,Eesti Reformierakond,823,10342,908,4,0.1376,8194.7038,false,false,true,true,false
MATI,RAIDMA,Eesti Reformierakond,787,10352,892,1,0.1448,5741.4202,false,false,false,false,true
RAIMOND,TAMM,Eesti Reformierakond,886,10375,886,10,0.1445,5091.2753,false,false,false,false,true
EERO,MERILIND,Eesti Reformierakond,816,10318,868,3,0.1359,4452.1910,false,false,false,false,true
JAANUS,TAMKIVI,Eesti Reformierakond,846,10365,790,5,0.1322,5538.3787,false,false,false,false,true
ANDRUS,SEEME,Eesti Reformierakond,893,10420,723,11,0.1303,7577.4583,false,false,true,true,false
HELE,EVERAUS,Eesti Reformierakond,887,10317,712,10,0.1161,5442.4293,false,false,false,false,true
MARLIIS,RETTAU,Eesti Reformierakond,843,10392,702,5,0.1175,3534.6340,false,false,false,false,true
MARIKA,VALTER,Eesti Reformierakond,905,10410,664,12,0.1059,4784.7547,false,false,false,false,true
KATRIN,KUUSEMÄE,Eesti Reformierakond,848,10333,662,6,0.1171,4714.1018,false,false,false,false,true
AIVAR,SURVA,Eesti Reformierakond,856,10428,654,7,0.1328,4275.0164,false,false,false,false,true
DORIS,RAUDSEPP,Eesti Reformierakond,818,10335,638,3,0.0999,3693.3020,false,false,false,false,false
IGOR,SCHVEDE,Eesti Reformierakond,813,10378,601,3,0.0941,3612.1297,false,false,false,false,false
KRISTO ENN,VAGA,Eesti Reformierakond,795,10361,591,1,0.0959,7772.0317,false,false,true,true,false
TRIIN,NÕMMISTU,Eesti Reformierakond,875,10451,584,9,0.0872,4219.2147,false,false,false,false,false
JÜRI,LEBEDEV,Eesti Reformierakond,908,10441,577,12,0.0921,3914.1789,false,false,false,false,false
ANTI,HAUGAS,Eesti Reformierakond,896,10509,569,11,0.1025,7392.8901,false,false,true,true,false
ÕNNE,PILLAK,Eesti Reformierakond,815,10417,542,3,0.0849,7050.7880,false,false,false,false,false
ANNEKI,TEELAHK,Eesti Reformierakond,857,10336,508,7,0.1032,4112.0964,false,false,false,false,true
JEVGENI,KRIŠTAFOVITŠ,Eesti Reformierakond,790,10381,505,1,0.0820,5010.8158,false,false,false,false,false
INDREK,KESKÜLA,Eesti Reformierakond,849,10427,504,6,0.0891,3572.9383,false,false,false,false,false
ENN,LISTRA,Eesti Reformierakond,801,10391,497,2,0.0864,3735.3510,false,false,false,false,false
ANDRUS,UMBOJA,Eesti Reformierakond,829,10345,466,4,0.0706,4514.7513,false,false,false,false,false
MIKK,TARROS,Eesti Reformierakond,898,10319,464,11,0.0836,4332.3993,false,false,false,false,false
RENO,LAIDRE,Eesti Reformierakond,889,10347,443,10,0.0722,4857.6810,false,false,false,false,false
VIKTOR,SVJATÕŠEV,Eesti Reformierakond,876,10440,408,9,0.0609,3389.7011,false,false,false,false,false
MAARJA,METSTAK,Eesti Reformierakond,831,10418,406,4,0.0615,4010.5620,false,false,false,false,false
AIVAR,ROSENBERG,Eesti Reformierakond,894,10329,404,11,0.0728,4391.4330,false,false,false,false,false
KAISA,EDENBERG,Eesti Reformierakond,879,10462,404,9,0.0603,3961.7517,false,false,false,false,false
RAIT,PIHELGAS,Eesti Reformierakond,865,10565,404,8,0.0720,4645.6157,false,false,false,false,false
TOOMAS,RÕHU,Eesti Reformierakond,904,10455,382,12,0.0610,3355.4038,false,false,false,false,false
TAIMO,TUGI,Eesti Reformierakond,867,10332,376,8,0.0670,3822.5586,false,false,false,false,false
JAANUS,RATAS,Eesti Reformierakond,842,10416,368,5,0.0616,3778.4237,false,false,false,false,false
MAIT,ALLAS,Eesti Reformierakond,869,10312,367,8,0.0654,3867.7961,false,false,false,false,false
IRINA,TALVISTE,Eesti Reformierakond,903,10387,355,12,0.0566,6595.8602,false,false,false,false,false
OKSANA,TANDIT,Eesti Reformierakond,786,10331,349,1,0.0566,3424.7469,false,false,false,false,false
IVI,EENMAA,Eesti Reformierakond,810,10321,348,2,0.0605,5637.9705,false,false,false,false,false
LAURI,DRUBINŠ,Eesti Reformierakond,895,10438,344,11,0.0620,3652.2398,false,false,false,false,false
ROGER,TIBAR,Eesti Reformierakond,844,10325,338,5,0.0566,3497.1863,false,false,false,false,false
STEN,LAANSOO,Eesti Reformierakond,820,10433,332,3,0.0520,4164.9287,false,false,false,false,false
ÜLLE,RAJASALU,Eesti Reformierakond,802,10443,327,2,0.0568,4579.1968,false,false,false,false,false
DORIS LISETT,RUDNEVS,Eesti Reformierakond,835,10456,325,4,0.0492,3256.7675,false,false,false,false,false
MART,EENSALU,Eesti Reformierakond,830,10339,324,4,0.0491,3194.3370,false,false,false,false,false
TOOMAS,KRUUSIMÄGI,Eesti Reformierakond,803,10386,322,2,0.0560,4932.9943,false,false,false,false,false
RIIDO,VILLUP,Eesti Reformierakond,906,10390,321,12,0.0512,3460.5665,false,false,false,false,false
VADIM,ORLOV,Eesti Reformierakond,861,10430,302,7,0.0613,3288.9597,false,false,false,false,false
SANDER,ANDLA,Eesti Reformierakond,806,10313,301,2,0.0523,5260.6744,false,false,false,false,false
IVAR,LILLEBERG,Eesti Reformierakond,852,10363,299,6,0.0529,3321.8311,false,false,false,false,false
MERILI,RANNISTE,Eesti Reformierakond,877,10340,281,9,0.0419,3048.7663,false,false,false,false,false
LIIVIKA,TOMING,Eesti Reformierakond,850,10419,278,6,0.0492,3225.2334,false,false,false,false,false
RIHO,JOHANSON,Eesti Reformierakond,834,10364,272,4,0.0412,3021.3136,false,false,false,false,false
RIHO,TELL,Eesti Reformierakond,851,10341,264,6,0.0467,3164.0589,false,false,false,false,false
TARMO,ALT,Eesti Reformierakond,866,10437,262,8,0.0467,3134.3803,false,false,false,false,false
JAANUS,MÜÜR,Eesti Reformierakond,845,10382,253,5,0.0423,3076.7509,false,false,false,false,false
AIVAR,SAARELA,Eesti Reformierakond,878,10507,245,9,0.0366,2866.9527,false,false,false,false,false
LIIS,KLAAR,Eesti Reformierakond,791,10368,234,1,0.0380,2967.9436,false,false,false,false,false
LEMBIT,KOLK,Eesti Reformierakond,792,10326,229,1,0.0372,2916.5256,false,false,false,false,false
ANDREA,EICHE,Eesti Reformierakond,858,10448,221,7,0.0449,3105.2834,false,false,false,false,false
SIRLI,TALLO,Eesti Reformierakond,870,10447,216,8,0.0385,2994.3776,false,false,false,false,false
ANNA,ÕUEKALLAS,Eesti Reformierakond,837,10328,210,4,0.0318,2819.1256,false,false,false,false,false
AINAR,SEPNIK,Eesti Reformierakond,853,10351,209,6,0.0370,2891.5149,false,false,false,false,false
KALLE,TOOMET,Eesti Reformierakond,832,10348,199,4,0.0302,2795.8377,false,false,false,false,false
MERLE,PUSSAK,Eesti Reformierakond,828,10449,198,4,0.0300,2772.9522,false,false,false,false,false
TIIT,KUUSMIK,Eesti Reformierakond,859,10431,184,7,0.0374,2941.9975,false,false,false,false,false
MARGUS,LEPIK,Eesti Reformierakond,897,10435,182,11,0.0328,2842.8268,false,false,false,false,false
ARMEN,ŠAHBAZJAN,Eesti Reformierakond,888,10446,175,10,0.0285,2750.4587,false,false,false,false,false
KAIDO,KAABERMA,Eesti Reformierakond,817,10322,175,3,0.0274,2728.3469,false,false,false,false,false
KATRIN,HELENDI,Eesti Reformierakond,794,10314,156,1,0.0253,2685.2297,false,false,false,false,false
TIIT,VAPPER,Eesti Reformierakond,807,10354,150,2,0.0261,2706.6070,false,false,false,false,false
OTT,KASURI,Eesti Reformierakond,836,10338,146,4,0.0221,2623.1826,false,false,false,false,false
VILJAR,JAAMU,Eesti Reformierakond,804,10408,141,2,0.0245,2664.2057,false,false,false,false,false
EVE,ALTROV,Eesti Reformierakond,805,10371,138,2,0.0240,2643.5262,false,false,false,false,false
TÕNU,MEIJEL,Eesti Reformierakond,819,10316,130,3,0.0204,2564.0866,false,false,false,false,false
KRISTEL,KRANICH,Eesti Reformierakond,793,10374,129,1,0.0209,2603.1668,false,false,false,false,false
MARGIT,ELVISTE,Eesti Reformierakond,809,10360,120,2,0.0209,2583.4707,false,false,false,false,false
AIVO,RAHU,Eesti Reformierakond,838,10349,67,4,0.0102,2489.5238,false,false,false,false,false
PIRET,MOORA,Eesti Reformierakond,868,10450,66,8,0.0118,2545.0069,false,false,false,false,false
TIIT,SOORM,Eesti Reformierakond,808,10320,64,2,0.0111,2507.7325,false,false,false,false,false
DANIIL,STARODUBTSEV,Eesti Reformierakond,860,10362,57,7,0.0116,2526.2246,false,false,false,false,false
ENA,SOODLA,Eesti Reformierakond,833,10444,52,4,0.0079,2471.5921,false,false,false,false,false
MART,HELME,Eesti Konservatiivne Rahvaerakond,650,10302,6130,12,0.9781,0.0000,false,true,false,true,false
HENN,PÕLLUAAS,Eesti Konservatiivne Rahvaerakond,571,10223,5781,4,0.8760,0.0000,false,true,false,true,false
JAAK,MADISON,Eesti Konservatiivne Rahvaerakond,612,10264,5222,8,0.9302,0.0000,false,true,false,true,false
MARTIN,HELME,Eesti Konservatiivne Rahvaerakond,561,10213,4606,3,0.7213,0.0000,false,true,false,true,false
SIIM,POHLAK,Eesti Konservatiivne Rahvaerakond,572,10224,4223,4,0.6399,0.0000,false,true,false,true,false
HELLE-MOONIKA,HELME,Eesti Konservatiivne Rahvaerakond,589,10241,3529,5,0.5905,0.0000,false,true,false,true,false
LEO,KUNNAS,Eesti Konservatiivne Rahvaerakond,546,10195,3390,2,0.5891,0.0000,false,true,false,true,false
RAIN,EPLER,Eesti Konservatiivne Rahvaerakond,640,10292,3366,11,0.6064,0.0000,false,true,false,true,false
KERT,KINGO,Eesti Konservatiivne Rahvaerakond,621,10273,3095,9,0.4620,0.0000,false,true,false,true,false
PEETER,ERNITS,Eesti Konservatiivne Rahvaerakond,622,10274,2933,9,0.4378,5044.8469,false,false,false,false,true
ANTI,POOLAMETS,Eesti Konservatiivne Rahvaerakond,597,10249,2831,6,0.5006,0.0000,false,true,false,true,false
ANTS,FROSCH,Eesti Konservatiivne Rahvaerakond,641,10293,2619,11,0.4719,0.0000,false,true,false,true,false
VARRO,VOOGLAID,Eesti Konservatiivne Rahvaerakond,535,10187,2509,1,0.4072,0.0000,false,true,false,true,false
JAAK,VALGE,Eesti Konservatiivne Rahvaerakond,630,10282,2340,10,0.3815,0.0000,false,true,false,true,false
ALAR,LANEMAN,Eesti Konservatiivne Rahvaerakond,652,10304,1802,12,0.2875,0.0000,false,true,false,true,false
EEVA,HELME,Eesti Konservatiivne Rahvaerakond,547,10196,1632,2,0.2836,7266.5810,false,false,false,false,true
URMAS,REITELMANN,Eesti Konservatiivne Rahvaerakond,534,10186,1520,1,0.2467,6921.4508,false,false,false,false,true
KALLE,GRÜNTHAL,Eesti Konservatiivne Rahvaerakond,613,10265,1498,8,0.2668,5219.1450,false,false,false,false,true
HELEN,REBANE,Eesti Konservatiivne Rahvaerakond,643,10295,1343,11,0.2420,3318.5913,false,false,false,false,true
KRISTJAN,MOORA,Eesti Konservatiivne Rahvaerakond,591,10243,1163,5,0.1946,4211.2675,false,false,false,false,true
HELLE,KULLERKUPP,Eesti Konservatiivne Rahvaerakond,651,10303,1108,12,0.1768,5406.6638,false,false,false,false,true
MATI,KUKLANE,Eesti Konservatiivne Rahvaerakond,647,10299,1057,11,0.1904,2535.0713,false,false,false,false,true
SVEN,SILDNIK,Eesti Konservatiivne Rahvaerakond,653,10305,1033,12,0.1648,4730.6104,false,false,false,false,true
RENE,KOKK,Eesti Konservatiivne Rahvaerakond,573,10225,1016,4,0.1540,7650.1746,false,false,true,true,false
EVELIN,POOLAMETS,Eesti Konservatiivne Rahvaerakond,600,10252,968,6,0.1712,8562.3553,false,false,true,true,false
MARKO,SAKSING,Eesti Konservatiivne Rahvaerakond,623,10275,920,9,0.1373,3709.1136,false,false,false,false,true
MARKUS,JÄRVI,Eesti Konservatiivne Rahvaerakond,562,10214,868,3,0.1359,6065.8960,false,false,false,false,true
TIIT,KALA,Eesti Konservatiivne Rahvaerakond,644,10296,857,11,0.1544,4455.0220,false,false,false,false,true
MERRY,AART,Eesti Konservatiivne Rahvaerakond,642,10294,837,11,0.1508,6609.1922,false,false,false,false,true
LOONE,OTS,Eesti Konservatiivne Rahvaerakond,631,10283,837,10,0.1365,5828.0105,false,false,false,false,true
SILVER,KUUSIK,Eesti Konservatiivne Rahvaerakond,632,10284,829,10,0.1352,6325.2546,false,false,false,false,true
ARVO,ALLER,Eesti Konservatiivne Rahvaerakond,604,10256,815,7,0.1655,8079.1820,false,false,true,true,false
MALLE,PÄRN,Eesti Konservatiivne Rahvaerakond,633,10285,813,10,0.1326,3623.4079,false,false,false,false,true
MARTI,KUUSIK,Eesti Konservatiivne Rahvaerakond,598,10250,790,6,0.1397,4882.3976,false,false,false,false,true
RIHO,BREIVEL,Eesti Konservatiivne Rahvaerakond,605,10257,759,7,0.1542,4588.4526,false,false,false,false,false
UNO,KASKPEIT,Eesti Konservatiivne Rahvaerakond,648,10300,701,11,0.1263,2458.8908,false,false,false,false,true
LAURI,KONI,Eesti Konservatiivne Rahvaerakond,624,10277,695,9,0.1038,3185.5477,false,false,false,false,true
VALMAR,HAAVA,Eesti Konservatiivne Rahvaerakond,616,10268,694,8,0.1236,2950.5223,false,false,false,false,true
IVAN,MAKAROV,Eesti Konservatiivne Rahvaerakond,549,10198,693,2,0.1204,3541.7784,false,false,false,false,true
DANIEL,MEREÄÄR,Eesti Konservatiivne Rahvaerakond,590,10242,638,5,0.1068,5608.9977,false,false,false,false,true
ELAR,NIGLAS,Eesti Konservatiivne Rahvaerakond,614,10266,622,8,0.1108,3994.0559,false,false,false,false,true
ANDRES,RAID,Eesti Konservatiivne Rahvaerakond,542,10210,545,1,0.0885,2749.3314,false,false,false,false,false
MERLE,KIVEST,Eesti Konservatiivne Rahvaerakond,635,10287,513,10,0.0836,2897.3594,false,false,false,false,false
KRISTEL,MENNING,Eesti Konservatiivne Rahvaerakond,579,10231,490,4,0.0743,2796.8706,false,false,false,false,false
RAUL,SIEM,Eesti Konservatiivne Rahvaerakond,578,10230,490,4,0.0743,2616.4121,false,false,false,false,false
HARDI,REHKALT,Eesti Konservatiivne Rahvaerakond,592,10244,474,5,0.0793,3389.6200,false,false,false,false,false
INDREK,KALDA,Eesti Konservatiivne Rahvaerakond,634,10286,468,10,0.0763,3123.1535,false,false,false,false,false
KALMAR,LUISK,Eesti Konservatiivne Rahvaerakond,646,10298,462,11,0.0832,3894.0644,false,false,false,false,false
PALLE,KÕLAR,Eesti Konservatiivne Rahvaerakond,593,10245,458,5,0.0766,3799.2146,false,false,false,false,false
RUDOLF,JEESER,Eesti Konservatiivne Rahvaerakond,575,10227,456,4,0.0691,3463.9364,false,false,false,false,false
ELVIS,BRAUER,Eesti Konservatiivne Rahvaerakond,539,10192,432,1,0.0701,3063.2843,false,false,false,false,false
KAI,RIMMEL,Eesti Konservatiivne Rahvaerakond,574,10226,430,4,0.0652,4329.5264,false,false,false,false,false
LEO,KUNMAN,Eesti Konservatiivne Rahvaerakond,585,10237,427,4,0.0647,2575.0639,false,false,false,false,false
AARNE,MÄE,Eesti Konservatiivne Rahvaerakond,599,10251,422,6,0.0746,4099.6271,false,false,false,false,false
KAUPO,MÄNNISTE,Eesti Konservatiivne Rahvaerakond,587,10239,411,4,0.0623,2320.1358,false,false,false,false,false
IMRE,VÄHI,Eesti Konservatiivne Rahvaerakond,637,10289,400,10,0.0652,2496.3678,false,false,false,false,false
ÜLLE,ROSIN,Eesti Konservatiivne Rahvaerakond,626,10278,399,9,0.0596,2659.1875,false,false,false,false,false
TÕNU,KALJA,Eesti Konservatiivne Rahvaerakond,628,10280,397,9,0.0593,2256.7624,false,false,false,false,false
ANDERO,PÕLLU,Eesti Konservatiivne Rahvaerakond,602,10254,397,6,0.0702,2353.2544,false,false,false,false,false
AGNES,PULK,Eesti Konservatiivne Rahvaerakond,655,10307,366,12,0.0584,3005.7874,false,false,false,false,false
GERT,GORŠANOV,Eesti Konservatiivne Rahvaerakond,636,10288,364,10,0.0593,2703.4665,false,false,false,false,false
REIN,SUURKASK,Eesti Konservatiivne Rahvaerakond,615,10267,364,8,0.0648,3250.6332,false,false,false,false,false
ANNIKA,VEIDENBERG,Eesti Konservatiivne Rahvaerakond,620,10272,350,8,0.0623,2226.4249,false,false,false,false,false
JÜRI,KAVER,Eesti Konservatiivne Rahvaerakond,649,10301,340,11,0.0613,2287.9860,false,false,false,false,false
SIIMO,LOPSIK,Eesti Konservatiivne Rahvaerakond,657,10309,326,12,0.0520,2422.5822,false,false,false,false,false
AIVAR,ÕUN,Eesti Konservatiivne Rahvaerakond,625,10276,318,9,0.0475,2196.9357,false,false,false,false,false
JAANUS,HÄRMS,Eesti Konservatiivne Rahvaerakond,580,10232,312,4,0.0473,2168.2592,false,false,false,false,false
RAUL,KIVI,Eesti Konservatiivne Rahvaerakond,638,10290,310,10,0.0505,2387.3872,false,false,false,false,false
HARRI,KINGO,Eesti Konservatiivne Rahvaerakond,551,10200,301,2,0.0523,2846.1790,false,false,false,false,false
KEN,VAHER,Eesti Konservatiivne Rahvaerakond,658,10310,280,12,0.0447,2113.2110,false,false,false,false,false
URMAS,ESPENBERG,Eesti Konservatiivne Rahvaerakond,536,10188,272,1,0.0441,2086.7774,false,false,false,false,false
MARTIN,JUDANOV,Eesti Konservatiivne Rahvaerakond,594,10246,271,5,0.0453,2140.3615,false,false,false,false,false
HASSO,UUETOA,Eesti Konservatiivne Rahvaerakond,577,10229,271,4,0.0411,2011.5009,false,false,false,false,false
AIVAR,SÖÖT,Eesti Konservatiivne Rahvaerakond,639,10291,264,10,0.0430,2061.0323,false,false,false,false,false
ARLO,SÄÄLIK,Eesti Konservatiivne Rahvaerakond,629,10281,259,9,0.0387,1964.4172,false,false,false,false,false
JAEN,TEÄR,Eesti Konservatiivne Rahvaerakond,596,10248,254,5,0.0425,2035.9487,false,false,false,false,false
LEO,BERGSTRÖM,Eesti Konservatiivne Rahvaerakond,603,10255,232,6,0.0410,1987.6648,false,false,false,false,false
ANDRES,OSTRA,Eesti Konservatiivne Rahvaerakond,627,10279,228,9,0.0340,1876.8902,false,false,false,false,false
MAIT,TALU,Eesti Konservatiivne Rahvaerakond,548,10197,220,2,0.0382,1941.7362,false,false,false,false,false
ARVI,KAROTAM,Eesti Konservatiivne Rahvaerakond,654,10306,218,12,0.0348,1919.6011,false,false,false,false,false
PAUL,PUUSTUSMAA,Eesti Konservatiivne Rahvaerakond,576,10228,211,4,0.0320,1836.1370,false,false,false,false,false
HEINO,MÄRKS,Eesti Konservatiivne Rahvaerakond,586,10238,180,4,0.0273,1707.0927,false,false,false,false,false
LILIA,MÜLLER,Eesti Konservatiivne Rahvaerakond,645,10297,177,11,0.0319,1816.4524,false,false,false,false,false
ALEKSANDR,ANDREJEV,Eesti Konservatiivne Rahvaerakond,608,10260,170,7,0.0345,1897.9920,false,false,false,false,false
AARE,RÜÜTEL,Eesti Konservatiivne Rahvaerakond,545,10212,166,1,0.0269,1690.2001,false,false,false,false,false
ROLAND,MERE,Eesti Konservatiivne Rahvaerakond,595,10247,164,5,0.0274,1759.9813,false,false,false,false,false
ANTS,LIIMETS,Eesti Konservatiivne Rahvaerakond,607,10259,162,7,0.0329,1856.2775,false,false,false,false,false
PRIIT,KAMA,Eesti Konservatiivne Rahvaerakond,610,10262,156,7,0.0317,1797.2080,false,false,false,false,false
KADRI,VILBA,Eesti Konservatiivne Rahvaerakond,563,10215,156,3,0.0244,1626.0134,false,false,false,false,false
PRIIT,PÕDER,Eesti Konservatiivne Rahvaerakond,618,10270,154,8,0.0274,1741.9712,false,false,false,false,false
MATTI,SILLA,Eesti Konservatiivne Rahvaerakond,582,10234,154,4,0.0233,1595.8087,false,false,false,false,false
ANDRUS,TOSS,Eesti Konservatiivne Rahvaerakond,606,10258,152,7,0.0309,1778.3890,false,false,false,false,false
PEETER,KRALL,Eesti Konservatiivne Rahvaerakond,588,10240,151,4,0.0229,1581.1458,false,false,false,false,false
MERLIIN,GRAUBERG-RIISENBERG,Eesti Konservatiivne Rahvaerakond,581,10233,148,4,0.0224,1566.7644,false,false,false,false,false
MART,JÄRVIK,Eesti Konservatiivne Rahvaerakond,619,10271,141,8,0.0251,1657.4511,false,false,false,false,false
VALDO,HELMELAID,Eesti Konservatiivne Rahvaerakond,601,10253,139,6,0.0246,1641.5734,false,false,false,false,false
HELDUR,PAULSON,Eesti Konservatiivne Rahvaerakond,656,10308,135,12,0.0215,1538.8140,false,false,false,false,false
LEANA,KRUUSE,Eesti Konservatiivne Rahvaerakond,611,10263,135,7,0.0274,1724.3458,false,false,false,false,false
AAT,PURJE,Eesti Konservatiivne Rahvaerakond,550,10199,135,2,0.0235,1610.7616,false,false,false,false,false
TOIVO,TASA,Eesti Konservatiivne Rahvaerakond,537,10189,134,1,0.0217,1552.6565,false,false,false,false,false
RAINER,ASUKÜLA,Eesti Konservatiivne Rahvaerakond,609,10261,127,7,0.0258,1673.6565,false,false,false,false,false
MAIT,JÄRVIK,Eesti Konservatiivne Rahvaerakond,583,10235,126,4,0.0191,1511.8958,false,false,false,false,false
TARMO,HINTS,Eesti Konservatiivne Rahvaerakond,617,10269,108,8,0.0192,1525.2296,false,false,false,false,false
RANNO,POOL,Eesti Konservatiivne Rahvaerakond,584,10236,103,4,0.0156,1498.8058,false,false,false,false,false
ARGO,LUUDE,Eesti Konservatiivne Rahvaerakond,543,10211,94,1,0.0153,1485.9528,false,false,false,false,false
TIIU,POHL,Eesti Konservatiivne Rahvaerakond,540,10193,87,1,0.0141,1473.3302,false,false,false,false,false
EVE,PÄRNASTE,Eesti Konservatiivne Rahvaerakond,567,10219,85,3,0.0133,1448.7518,false,false,false,false,false
KULDAR,KESKÜLA,Eesti Konservatiivne Rahvaerakond,541,10194,82,1,0.0133,1425.0233,false,false,false,false,false
ANTS,MILLER,Eesti Konservatiivne Rahvaerakond,538,10190,82,1,0.0133,1436.7841,false,false,false,false,false
MEEME,LUKS,Eesti Konservatiivne Rahvaerakond,566,10218,81,3,0.0127,1413.4638,false,false,false,false,false
RIHO,NÜÜD,Eesti Konservatiivne Rahvaerakond,555,10204,79,2,0.0137,1460.9319,false,false,false,false,false
VALDO,TÕNISSOO,Eesti Konservatiivne Rahvaerakond,560,10209,59,2,0.0103,1402.1005,false,false,false,false,false
KARL OLAF,RÄÄK,Eesti Konservatiivne Rahvaerakond,556,10205,54,2,0.0094,1390.9284,false,false,false,false,false
PRIIT,WILLBACH,Eesti Konservatiivne Rahvaerakond,554,10203,52,2,0.0090,1379.9426,false,false,false,false,false
PIRET,KOLLO,Eesti Konservatiivne Rahvaerakond,557,10206,49,2,0.0085,1369.1383,false,false,false,false,false
MART,KALLAS,Eesti Konservatiivne Rahvaerakond,564,10216,43,3,0.0067,1358.5111,false,false,false,false,false
RAIVO,PÕHJAKIVI,Eesti Konservatiivne Rahvaerakond,565,10217,39,3,0.0061,1337.7704,false,false,false,false,false
RAUL,ÖPIK,Eesti Konservatiivne Rahvaerakond,553,10202,36,2,0.0063,1348.0565,false,false,false,false,false
RIHO,RAUSMA,Eesti Konservatiivne Rahvaerakond,544,10191,33,1,0.0054,1327.6485,false,false,false,false,false
JAKO,KULL,Eesti Konservatiivne Rahvaerakond,570,10222,31,3,0.0049,1307.8819,false,false,false,false,false
MIKE,CALAMUS,Eesti Konservatiivne Rahvaerakond,568,10220,31,3,0.0049,1317.6870,false,false,false,false,false
ENO,LEIES,Eesti Konservatiivne Rahvaerakond,552,10201,27,2,0.0047,1298.2297,false,false,false,false,false
INDREK,MELDER,Eesti Konservatiivne Rahvaerakond,558,10207,26,2,0.0045,1288.7265,false,false,false,false,false
TAAVI,PÄRTEL,Eesti Konservatiivne Rahvaerakond,569,10221,20,3,0.0031,1270.1540,false,false,false,false,false
TIIA,ARENBERG,Eesti Konservatiivne Rahvaerakond,559,10208,19,2,0.0033,1279.3691,false,false,false,false,false
MIHHAIL,KÕLVART,Eesti Keskerakond,921,10603,14592,2,2.5356,0.0000,true,false,false,true,false
JÜRI,RATAS,Eesti Keskerakond,946,10461,7672,4,1.1626,0.0000,true,false,false,true,false
LAURI,LAATS,Eesti Keskerakond,936,10499,5984,3,0.9371,0.0000,false,true,false,true,false
YANA,TOOM,Eesti Keskerakond,980,10535,3457,7,0.7021,0.0000,false,true,false,true,false
VADIM,BELOBROVTSEV,Eesti Keskerakond,910,10493,3231,1,0.5244,0.0000,false,true,false,true,false
ANASTASSIA,KOVALENKO-KÕLVART,Eesti Keskerakond,912,10482,2806,1,0.4554,0.0000,false,true,false,true,false
JAANUS,KARILAID,Eesti Keskerakond,964,10515,2162,5,0.3618,9963.3262,false,false,true,true,false
TANEL,KIIK,Eesti Keskerakond,909,10492,2070,1,0.3360,9270.8265,false,false,true,true,false
ANDREI,KOROBEINIK,Eesti Keskerakond,1025,10589,1973,12,0.3148,0.0000,false,true,false,true,false
VLADIMIR,SVET,Eesti Keskerakond,923,10607,1867,2,0.3244,0.0000,false,true,false,true,false
ALEKSANDR,TŠAPLÕGIN,Eesti Keskerakond,929,10598,1809,2,0.3143,0.0000,false,true,false,true,false
ESTER,KARUSE,Eesti Keskerakond,1016,10580,1677,11,0.3021,0.0000,false,true,false,true,false
TAAVI,AAS,Eesti Keskerakond,996,10553,1666,9,0.2487,6291.3011,false,false,false,false,false
JAAK,AAB,Eesti Keskerakond,987,10536,1562,8,0.2782,8150.5204,false,false,true,true,false
ERKI,SAVISAAR,Eesti Keskerakond,1015,10579,1517,11,0.2733,3902.4419,false,false,false,false,true
ARKADI,POPOV,Eesti Keskerakond,938,10494,1490,3,0.2333,3616.4788,false,false,false,false,true
SIRET,KOTKA,Eesti Keskerakond,972,10526,1430,6,0.2529,4802.1982,false,false,false,false,false
ALEKSEI,JEVGRAFOV,Eesti Keskerakond,982,10528,1405,7,0.2854,3449.1281,false,false,false,false,true
TARMO,TAMM,Eesti Keskerakond,1017,10585,1258,11,0.2267,6588.5406,false,false,false,false,true
OLEG,SILJANOV,Eesti Keskerakond,917,10490,1213,1,0.1969,2531.2850,false,false,false,false,true
TRIIN,VAREK,Eesti Keskerakond,973,10527,1198,6,0.2118,6021.0205,false,false,false,false,false
VLADIMIR,ARHIPOV,Eesti Keskerakond,949,10481,1103,4,0.1671,3530.7115,false,false,false,false,true
IGOR,GRÄZIN,Eesti Keskerakond,997,10547,977,9,0.1458,3297.3268,false,false,false,false,false
MIHKEL,UNDREST,Eesti Keskerakond,965,10512,828,5,0.1386,4367.7557,false,false,false,false,false
MARIA,JUFEREVA-SKURATOVSKI,Eesti Keskerakond,925,10602,822,2,0.1428,0.0000,false,true,false,true,false
DMITRI,DMITRIJEV,Eesti Keskerakond,981,10530,813,7,0.1651,3371.4248,false,false,false,false,true
MARKO,ŠORIN,Eesti Keskerakond,1026,10595,803,12,0.1281,5774.1366,false,false,false,false,true
ENN,EESMAA,Eesti Keskerakond,1027,10590,774,12,0.1235,6917.0707,false,false,false,false,true
KAIDO,HÖÖVELSON,Eesti Keskerakond,979,10531,767,7,0.1558,4647.5625,false,false,false,false,true
MAREK,JÜRGENSON,Eesti Keskerakond,911,10488,738,1,0.1198,3801.9485,false,false,false,false,true
KERSTI,SARAPUU,Eesti Keskerakond,988,10538,685,8,0.1220,7282.2140,false,false,false,false,false
TIIT,TERIK,Eesti Keskerakond,937,10501,676,3,0.1059,4968.1129,false,false,false,false,true
AADU,MUST,Eesti Keskerakond,1006,10567,618,10,0.1008,5339.2143,false,false,false,false,false
TÕNIS,MÖLDER,Eesti Keskerakond,922,10605,570,2,0.0990,8672.6583,false,false,true,true,false
BETINA,BEŠKINA,Eesti Keskerakond,914,10484,556,1,0.0902,2915.9455,false,false,false,false,false
JAAN,TOOTS,Eesti Keskerakond,1005,10573,533,10,0.0869,5146.6124,false,false,false,false,false
ANDRO,ROOS,Eesti Keskerakond,1008,10569,528,10,0.0861,2972.9350,false,false,false,false,false
PRIIT,TOOBAL,Eesti Keskerakond,995,10542,516,8,0.0919,4008.7126,false,false,false,false,false
PEETER,RAHNEL,Eesti Keskerakond,989,10539,503,8,0.0896,5547.6930,false,false,false,false,false
ANTTI,LEIGRI,Eesti Keskerakond,966,10518,496,5,0.0830,4240.7429,false,false,false,false,false
JAANUS,RIIBE,Eesti Keskerakond,915,10485,492,1,0.0799,2758.0013,false,false,false,false,false
MANUELA,PIHLAP,Eesti Keskerakond,916,10487,471,1,0.0764,2709.2826,false,false,false,false,false
ANDRE,HANIMÄGI,Eesti Keskerakond,913,10483,466,1,0.0756,7690.5869,false,false,true,true,false
ANGELA,SAKSING,Eesti Keskerakond,998,10546,412,9,0.0615,3032.3282,false,false,false,false,false
VLADIMIR,AFANASJEV,Eesti Keskerakond,932,10617,412,2,0.0716,2376.2967,false,false,false,false,false
NIKOLAI,PÕDRAMÄGI,Eesti Keskerakond,1009,10575,404,10,0.0659,2808.6072,false,false,false,false,false
ANNELI,OTT,Eesti Keskerakond,1007,10570,402,10,0.0655,3706.7664,false,false,false,false,false
KERSTIN-OUDEKKI,LOONE,Eesti Keskerakond,941,10498,402,3,0.0630,2617.0932,false,false,false,false,false
MÄRT,SULTS,Eesti Keskerakond,920,10489,394,1,0.0640,2340.6223,false,false,false,false,false
ALEKSANDR,ŠIROKOV,Eesti Keskerakond,1014,10568,377,10,0.0615,2306.0601,false,false,false,false,false
PEEP,PÕDDER,Eesti Keskerakond,1000,10551,368,9,0.0549,2413.1386,false,false,false,false,false
MONIKA,HAUKANÕMM,Eesti Keskerakond,926,10604,360,2,0.0626,2662.3458,false,false,false,false,false
ANTI,SAAREPUU,Eesti Keskerakond,1018,10578,355,11,0.0640,3226.5850,false,false,false,false,false
VLADIMIR,VÕSSOTSKI,Eesti Keskerakond,985,10534,342,7,0.0695,2451.2076,false,false,false,false,false
ALEKSEI,NAUMKIN,Eesti Keskerakond,984,10529,330,7,0.0670,2573.4343,false,false,false,false,false
JULIANNA,JURTŠENKO,Eesti Keskerakond,928,10600,324,2,0.0563,2490.5671,false,false,false,false,false
TOOMAS,VÄINASTE,Eesti Keskerakond,978,10566,309,6,0.0546,4503.0759,false,false,false,false,false
ERLI,AASAMETS,Eesti Keskerakond,1032,10591,307,12,0.0490,2240.0668,false,false,false,false,false
JÜRI,KIRSS,Eesti Keskerakond,1030,10593,307,12,0.0490,2272.5579,false,false,false,false,false
ANDRES,SÕBER,Eesti Keskerakond,975,10522,304,6,0.0538,3094.2832,false,false,false,false,false
OLGA,KURDOVSKAJA,Eesti Keskerakond,983,10532,302,7,0.0613,2861.2141,false,false,false,false,false
PEETER,LAASIK,Eesti Keskerakond,999,10552,300,9,0.0448,2148.2159,false,false,false,false,false
AIVAR,ALEKSEJEV,Eesti Keskerakond,1004,10545,298,9,0.0445,2091.2668,false,false,false,false,false
AIVAR,RIISALU,Eesti Keskerakond,924,10597,296,2,0.0514,3158.9726,false,false,false,false,false
ESTER,TUIKSOO,Eesti Keskerakond,1019,10581,286,11,0.0515,4121.2835,false,false,false,false,false
HARDI,PIKKMETS,Eesti Keskerakond,1031,10592,279,12,0.0445,2119.3376,false,false,false,false,false
IGOR,KRAVTŠENKO,Eesti Keskerakond,945,10497,276,3,0.0432,2063.9696,false,false,false,false,false
SVEN,SOIVER,Eesti Keskerakond,948,10480,262,4,0.0397,1961.9001,false,false,false,false,false
PRIIT,SEIRE,Eesti Keskerakond,990,10541,255,8,0.0454,2208.5411,false,false,false,false,false
MAKSIM,BUTŠENKOV,Eesti Keskerakond,974,10525,255,6,0.0451,2177.9377,false,false,false,false,false
PEETER,JÄRVELAID,Eesti Keskerakond,918,10491,252,1,0.0409,1986.4069,false,false,false,false,false
ILJA,BAN,Eesti Keskerakond,955,10471,242,4,0.0367,1848.3420,false,false,false,false,false
HANS,KRUUSAMÄGI,Eesti Keskerakond,977,10524,235,6,0.0416,2011.5691,false,false,false,false,false
OLEG,TŠUBAROV,Eesti Keskerakond,953,10476,235,4,0.0356,1827.2715,false,false,false,false,false
KALEV,KALJUSTE,Eesti Keskerakond,1028,10594,234,12,0.0373,1869.9320,false,false,false,false,false
ISMAIL,MIRZOJEV,Eesti Keskerakond,1010,10572,231,10,0.0377,1914.7511,false,false,false,false,false
RAIVO,UUKKIVI,Eesti Keskerakond,963,10477,224,4,0.0339,1806.7018,false,false,false,false,false
ÜLLE,JUHT,Eesti Keskerakond,1024,10586,216,11,0.0389,1938.0230,false,false,false,false,false
TOOMAS,TAMMIK,Eesti Keskerakond,992,10544,211,8,0.0376,1892.0614,false,false,false,false,false
VALERI,KORB,Eesti Keskerakond,986,10533,205,7,0.0416,2037.4138,false,false,false,false,false
EDUARD,TOMAN,Eesti Keskerakond,940,10495,202,3,0.0316,1766.9937,false,false,false,false,false
IRINA,PANOVA,Eesti Keskerakond,1013,10571,191,10,0.0311,1747.8219,false,false,false,false,false
TAAVI,TUVIKE,Eesti Keskerakond,1022,10584,186,11,0.0335,1786.6149,false,false,false,false,false
KIRILL,AVDEJEV,Eesti Keskerakond,1011,10574,186,10,0.0303,1729.0841,false,false,false,false,false
KRISTI,RÜÜTEL,Eesti Keskerakond,919,10486,181,1,0.0294,1675.3291,false,false,false,false,false
HELVE,SÄRGAVA,Eesti Keskerakond,939,10496,180,3,0.0282,1624.9845,false,false,false,false,false
VARJE,TIPP,Eesti Keskerakond,1029,10596,179,12,0.0286,1641.4077,false,false,false,false,false
MARIA,DOROŠ,Eesti Keskerakond,944,10500,170,3,0.0266,1608.9043,false,false,false,false,false
NATALIA,MALLEUS,Eesti Keskerakond,960,10474,168,4,0.0255,1577.7305,false,false,false,false,false
DENISS,PRESNETSOV,Eesti Keskerakond,931,10619,168,2,0.0292,1658.1853,false,false,false,false,false
JULIA,BELOVA,Eesti Keskerakond,1021,10582,166,11,0.0299,1710.7653,false,false,false,false,false
ANDRE,LAINE,Eesti Keskerakond,1020,10577,164,11,0.0295,1692.8515,false,false,false,false,false
NEEME,VÄLI,Eesti Keskerakond,967,10511,159,5,0.0266,1593.1564,false,false,false,false,false
ANDE,ARULA,Eesti Keskerakond,1033,10588,150,12,0.0239,1562.6165,false,false,false,false,false
OKSANA,JÕE,Eesti Keskerakond,957,10475,150,4,0.0227,1533.2867,false,false,false,false,false
VLADIMIR,RUSNAK,Eesti Keskerakond,943,10503,144,3,0.0226,1519.0529,false,false,false,false,false
EVA-MARIA,LIIMETS,Eesti Keskerakond,947,10470,138,4,0.0209,1451.8686,false,false,false,false,false
IRINA,EMBRICH,Eesti Keskerakond,935,10618,133,2,0.0231,1547.8049,false,false,false,false,false
VLADIMIR,ŠOKMAN,Eesti Keskerakond,1012,10576,130,10,0.0212,1464.7997,false,false,false,false,false
VAHUR,KÕLVART,Eesti Keskerakond,942,10502,130,3,0.0204,1426.7158,false,false,false,false,false
JANEK,MÄGGI,Eesti Keskerakond,971,10514,127,5,0.0213,1477.9763,false,false,false,false,false
JÜRI,SAAR,Eesti Keskerakond,1023,10583,124,11,0.0223,1505.0953,false,false,false,false,false
KATRIN,LINKOV,Eesti Keskerakond,993,10537,124,8,0.0221,1491.4057,false,false,false,false,false
ENE,VAHTER,Eesti Keskerakond,968,10516,123,5,0.0206,1439.1762,false,false,false,false,false
MARIANNE,KIVIMURD-TARELKINA,Eesti Keskerakond,1002,10549,115,9,0.0172,1367.6772,false,false,false,false,false
MAX,KAUR,Eesti Keskerakond,1003,10550,114,9,0.0170,1356.4821,false,false,false,false,false
JAANUS,KALEV,Eesti Keskerakond,951,10472,112,4,0.0170,1345.4786,false,false,false,false,false
KATRIN,ANTO,Eesti Keskerakond,952,10473,106,4,0.0161,1324.0271,false,false,false,false,false
ANNIKA,VAIKLA,Eesti Keskerakond,950,10467,106,4,0.0161,1334.6619,false,false,false,false,false
KRISTA,PAAL,Eesti Keskerakond,927,10601,106,2,0.0184,1414.4809,false,false,false,false,false
MERLE,KLANDORF,Eesti Keskerakond,930,10623,103,2,0.0179,1402.4655,false,false,false,false,false
IZABELLA,RIITSAAR,Eesti Keskerakond,933,10624,101,2,0.0176,1379.0693,false,false,false,false,false
PRIIT,PRAMANN,Eesti Keskerakond,991,10540,100,8,0.0178,1390.6635,false,false,false,false,false
ROBERT,ANTROPOV,Eesti Keskerakond,956,10478,90,4,0.0136,1303.2850,false,false,false,false,false
KATRIN,PAUTS,Eesti Keskerakond,969,10513,82,5,0.0137,1313.5696,false,false,false,false,false
RAIVO,MATSINA,Eesti Keskerakond,994,10543,65,8,0.0116,1293.1690,false,false,false,false,false
ANDRI,VÕSOKOVSKI,Eesti Keskerakond,976,10523,57,6,0.0101,1283.2173,false,false,false,false,false
EBEKAI,HÄRM,Eesti Keskerakond,970,10517,53,5,0.0089,1273.4259,false,false,false,false,false
KALEV,PARIK,Eesti Keskerakond,1001,10548,48,9,0.0072,1263.7908,false,false,false,false,false
ENE,LILL,Eesti Keskerakond,954,10469,40,4,0.0061,1254.3084,false,false,false,false,false
ANDRES,KALVIK,Eesti Keskerakond,962,10465,31,4,0.0047,1235.7870,false,false,false,false,false
ANDRES,JAADLA,Eesti Keskerakond,934,10599,30,2,0.0052,1244.9750,false,false,false,false,false
SULIKO,LIIV,Eesti Keskerakond,959,10479,19,4,0.0029,1226.7410,false,false,false,false,false
EINGARD,TOPS,Eesti Keskerakond,958,10468,14,4,0.0021,1217.8336,false,false,false,false,false
ANDRES,KOLLIST,Eesti Keskerakond,961,10466,12,4,0.0018,1209.0617,false,false,false,false,false
JOHANNA-MARIA,LEHTME,Erakond Eesti 200,659,11157,5251,1,0.8523,0.0000,false,true,false,true,false
KRISTINA,KALLAS,Erakond Eesti 200,755,11162,4288,10,0.6991,0.0000,false,true,false,true,false
GRIGORE-KALEV,STOICESCU,Erakond Eesti 200,714,11133,3664,5,0.6131,0.0000,false,true,false,true,false
IRJA,LUTSAR,Erakond Eesti 200,746,11148,3523,9,0.5259,0.0000,false,true,false,true,false
LAURI,HUSSAR,Erakond Eesti 200,696,11141,3343,4,0.5066,0.0000,false,true,false,true,false
IGOR,TARO,Erakond Eesti 200,765,11046,3275,11,0.5901,0.0000,false,true,false,true,false
MARGUS,TSAHKNA,Erakond Eesti 200,686,11167,2922,3,0.4576,0.0000,false,true,false,true,false
TOOMAS,UIBO,Erakond Eesti 200,697,11111,2420,4,0.3667,0.0000,false,true,false,true,false
KADRI,TALI,Erakond Eesti 200,775,11113,2092,12,0.3338,0.0000,false,true,false,true,false
MAREK,REINAAS,Erakond Eesti 200,671,11052,2090,2,0.3632,0.0000,false,true,false,true,false
JOAKIM JOHAN,HELENIUS,Erakond Eesti 200,713,11050,2001,4,0.3032,1953.6148,false,false,false,false,true
ANDO,KIVIBERG,Erakond Eesti 200,737,11088,1785,8,0.3180,6707.1412,false,false,false,false,false
LIISA-LY,PAKOSTA,Erakond Eesti 200,672,11121,1731,2,0.3008,7563.6287,false,false,true,true,false
TANEL,TEIN,Erakond Eesti 200,756,11057,1368,10,0.2230,4188.1097,false,false,false,false,true
JUKU-KALLE,RAID,Erakond Eesti 200,688,11109,1281,3,0.2006,3927.2381,false,false,false,false,true
KÜLLI,TAMMUR,Erakond Eesti 200,698,11166,1275,4,0.1932,3809.2222,false,false,false,false,true
MARGOT,ROOSE,Erakond Eesti 200,675,11068,1179,2,0.2049,2755.0141,false,false,false,false,true
PEETER,TALI,Erakond Eesti 200,776,11163,1159,12,0.1849,8085.3051,false,false,true,true,false
RAUL-STIG,RÄSTA,Erakond Eesti 200,699,11105,1142,4,0.1731,5486.7912,false,false,false,false,true
MAKSIM,ILJIN,Erakond Eesti 200,729,11165,1111,7,0.2256,6350.9896,false,false,false,false,false
KRIS,LEINATAMM,Erakond Eesti 200,687,11074,1047,3,0.1640,5251.0731,false,false,false,false,true
KASPAR,TAIMSOO,Erakond Eesti 200,739,11135,1017,8,0.1812,3594.2680,false,false,false,false,false
ZÜLEYXA,IZMAILOVA,Erakond Eesti 200,661,11069,1011,1,0.1641,7108.2599,false,false,false,false,true
SIIRI,SISASK,Erakond Eesti 200,700,11107,984,4,0.1491,2813.9804,false,false,false,false,true
KOIT,KELDER,Erakond Eesti 200,715,11084,982,5,0.1643,5035.7600,false,false,false,false,true
DIANA,INGERAINEN,Erakond Eesti 200,662,11099,933,1,0.1514,5746.0208,false,false,false,false,true
IGNAR,FJUK,Erakond Eesti 200,673,11058,900,2,0.1564,1981.9510,false,false,false,false,true
GEA,KANGILASKI,Erakond Eesti 200,757,11104,885,10,0.1443,3496.0923,false,false,false,false,true
TARMO,TAMM,Erakond Eesti 200,722,11168,876,6,0.1549,8689.2504,false,false,true,true,false
HENDRIK JOHANNES,TERRAS,Erakond Eesti 200,660,11064,771,1,0.1251,9397.0603,false,false,true,true,false
MÄRT,MEESAK,Erakond Eesti 200,747,11094,762,9,0.1138,4332.8077,false,false,false,false,true
ANNELI,KANNUS,Erakond Eesti 200,758,11042,753,10,0.1228,2940.2986,false,false,false,false,true
KÄTLIN,JOALA,Erakond Eesti 200,778,11106,699,12,0.1115,2875.6761,false,false,false,false,true
VIKTORIA,LEPP,Erakond Eesti 200,752,11143,606,9,0.0905,2207.5930,false,false,false,false,false
KADRI,PAAS,Erakond Eesti 200,738,11160,584,8,0.1040,4488.4813,false,false,false,false,false
MERLIN,LINDE,Erakond Eesti 200,704,11091,580,4,0.0879,2072.4240,false,false,false,false,false
KUIDO,NÕMM,Erakond Eesti 200,754,11089,565,9,0.0843,2041.3116,false,false,false,false,false
SULEV,ALAJÕE,Erakond Eesti 200,777,11140,560,12,0.0894,3315.7684,false,false,false,false,false
TRIIN,SAAG,Erakond Eesti 200,664,11126,526,1,0.0854,3232.7579,false,false,false,false,false
KATRIN,MARTINFELD,Erakond Eesti 200,766,11061,525,11,0.0946,4053.2483,false,false,false,false,false
KAI,TARMULA,Erakond Eesti 200,716,11136,522,5,0.0873,3698.4513,false,false,false,false,false
ALEKSEI,JAŠIN,Erakond Eesti 200,691,11075,483,3,0.0756,6032.5395,false,false,false,false,false
JAAK,LAINESTE,Erakond Eesti 200,749,11150,476,9,0.0711,3008.0655,false,false,false,false,false
KRÕÕT,NÕMMELA-MEHIDE,Erakond Eesti 200,728,11085,442,6,0.0782,2244.3524,false,false,false,false,false
NIKOLAI,BENTSLER,Erakond Eesti 200,674,11116,421,2,0.0732,3154.0159,false,false,false,false,false
PAAP,USPENSKI,Erakond Eesti 200,721,11102,415,5,0.0694,2104.5548,false,false,false,false,false
MART,KIVASTIK,Erakond Eesti 200,760,11090,403,10,0.0657,2405.3176,false,false,false,false,false
KERSTI,KIVIRÜÜT,Erakond Eesti 200,750,11153,399,9,0.0596,2592.7664,false,false,false,false,false
EVELIN,AUSMEES,Erakond Eesti 200,702,11045,397,4,0.0602,2282.4283,false,false,false,false,false
SANDER,MARIPUU,Erakond Eesti 200,678,11070,384,2,0.0667,2137.7556,false,false,false,false,false
KAUPO,KUTSAR,Erakond Eesti 200,767,11124,381,11,0.0686,3403.4111,false,false,false,false,false
PÄRTEL,PIIRIMÄE,Erakond Eesti 200,759,11097,381,10,0.0621,2543.0644,false,false,false,false,false
JAANEK,PAHKA,Erakond Eesti 200,736,11146,356,7,0.0723,2449.4522,false,false,false,false,false
ATSO,MATSALU,Erakond Eesti 200,701,11145,355,4,0.0538,2495.3319,false,false,false,false,false
TIMO,NIKITIN,Erakond Eesti 200,711,11053,353,4,0.0535,2698.5969,false,false,false,false,false
INDREK,LILLEMÄGI,Erakond Eesti 200,670,11065,349,1,0.0566,2011.1691,false,false,false,false,false
KASPAR,KASEPÕLD,Erakond Eesti 200,692,11067,340,3,0.0532,2321.8942,false,false,false,false,false
AARE,RAAM,Erakond Eesti 200,726,11083,334,6,0.0591,2644.5645,false,false,false,false,false
KADRI,JÄÄTMA,Erakond Eesti 200,689,11063,329,3,0.0515,3079.2163,false,false,false,false,false
KAROLINA EBBA ANNA,ULLMAN,Erakond Eesti 200,677,11043,325,2,0.0565,2362.8289,false,false,false,false,false
TANEL,SOKK,Erakond Eesti 200,690,11096,319,3,0.0500,1926.1205,false,false,false,false,false
DENIS,LARCHENKO,Erakond Eesti 200,730,11062,313,7,0.0636,4656.4540,false,false,false,false,false
KRISTIINA,TÕNNISSON,Erakond Eesti 200,761,11154,312,10,0.0509,2172.0820,false,false,false,false,false
ELO,LUTSEPP,Erakond Eesti 200,748,11151,308,9,0.0460,1848.3240,false,false,false,false,false
RENATA,LUKK,Erakond Eesti 200,783,11056,291,12,0.0464,1873.5095,false,false,false,false,false
TIIA,SIHVER,Erakond Eesti 200,723,11101,286,6,0.0506,4838.2731,false,false,false,false,false
URMAS,KRISTAL,Erakond Eesti 200,703,11128,284,4,0.0430,1800.0362,false,false,false,false,false
INES,ARNA,Erakond Eesti 200,706,11147,265,4,0.0402,1732.3921,false,false,false,false,false
RAINER,MILTOP,Erakond Eesti 200,724,11082,259,6,0.0458,1823.8428,false,false,false,false,false
ARLI,KANTER,Erakond Eesti 200,779,11108,256,12,0.0408,1754.3366,false,false,false,false,false
TORMI,TABOR,Erakond Eesti 200,705,11156,252,4,0.0382,1690.1953,false,false,false,false,false
MIHKEL,TIKERPALU,Erakond Eesti 200,709,11073,236,4,0.0358,1630.8116,false,false,false,false,false
PILLE,TSOPP-PAGAN,Erakond Eesti 200,763,11123,235,10,0.0383,1711.0191,false,false,false,false,false
VAHUR,KOLLOM,Erakond Eesti 200,762,11127,233,10,0.0380,1669.8993,false,false,false,false,false
ANZORI,BARKALAJA,Erakond Eesti 200,745,11134,233,8,0.0415,1776.8763,false,false,false,false,false
MAREK,KULLAMÄGI,Erakond Eesti 200,732,11112,232,7,0.0471,1899.4305,false,false,false,false,false
KAIRE,VEINTHAL,Erakond Eesti 200,708,11078,217,4,0.0329,1558.1487,false,false,false,false,false
KSENIA,KRAVTŠENKO,Erakond Eesti 200,681,11051,210,2,0.0365,1650.1112,false,false,false,false,false
URMO,KESKÜLA,Erakond Eesti 200,781,11100,206,12,0.0329,1541.0366,false,false,false,false,false
PIRKO,KONSA,Erakond Eesti 200,663,11152,206,1,0.0334,1575.6670,false,false,false,false,false
DIANA,ANDRIOT,Erakond Eesti 200,684,11071,204,2,0.0354,1611.9824,false,false,false,false,false
HELENE,LUMI,Erakond Eesti 200,725,11081,199,6,0.0352,1593.6063,false,false,false,false,false
JOONAS,LAKS,Erakond Eesti 200,695,11158,199,3,0.0312,1491.9985,false,false,false,false,false
ELMAR,BERGMANN,Erakond Eesti 200,782,11103,191,12,0.0305,1446.1423,false,false,false,false,false
KARL AARON,ADSON,Erakond Eesti 200,764,11093,185,10,0.0302,1431.5101,false,false,false,false,false
RON,LUVIŠTŠUK,Erakond Eesti 200,676,11098,181,2,0.0315,1507.9748,false,false,false,false,false
KRISTA,SILDOJA,Erakond Eesti 200,768,11110,180,11,0.0324,1524.3165,false,false,false,false,false
IVO,KAPPET,Erakond Eesti 200,685,11149,176,2,0.0306,1461.0938,false,false,false,false,false
MARKO,MATVEI,Erakond Eesti 200,720,11080,175,5,0.0293,1417.1870,false,false,false,false,false
KERTI,KOLLOM SEIDELBERG,Erakond Eesti 200,693,11169,174,3,0.0272,1349.8770,false,false,false,false,false
JOEL,JESSE,Erakond Eesti 200,667,11060,171,1,0.0278,1375.9757,false,false,false,false,false
MAREK,KARM,Erakond Eesti 200,694,11072,169,3,0.0265,1324.8017,false,false,false,false,false
AIMAR,VENTSEL,Erakond Eesti 200,669,11137,164,1,0.0266,1337.2153,false,false,false,false,false
REIN-ERIK,JÕE,Erakond Eesti 200,769,11076,160,11,0.0288,1403.1632,false,false,false,false,false
OLAVI,ISRAEL,Erakond Eesti 200,743,11119,160,8,0.0285,1389.4291,false,false,false,false,false
REIO,RANDMAA,Erakond Eesti 200,780,11055,157,12,0.0251,1277.4861,false,false,false,false,false
MARKO,SANDRE,Erakond Eesti 200,734,11114,153,7,0.0311,1476.3755,false,false,false,false,false
BLANCA,PUNT,Erakond Eesti 200,773,11079,145,11,0.0261,1312.6289,false,false,false,false,false
JANIKA,GEDVIL,Erakond Eesti 200,740,11138,145,8,0.0258,1300.6899,false,false,false,false,false
KEITH,SIILATS,Erakond Eesti 200,717,11118,145,5,0.0243,1255.1393,false,false,false,false,false
KADRI,NAPRITSON-ACUNA,Erakond Eesti 200,774,11095,142,11,0.0256,1288.9778,false,false,false,false,false
KADRI,GIANNAKAINA LAUBE,Erakond Eesti 200,770,11139,139,11,0.0250,1266.2087,false,false,false,false,false
JAANIKA,ROOSMAN,Erakond Eesti 200,719,11117,137,5,0.0229,1244.2723,false,false,false,false,false
OLGA,PIHLAK,Erakond Eesti 200,733,11120,136,7,0.0276,1362.7945,false,false,false,false,false
JÜRI,LEHTMETS,Erakond Eesti 200,712,11142,131,4,0.0199,1223.1231,false,false,false,false,false
JAAN,TEPP,Erakond Eesti 200,707,11059,129,4,0.0195,1202.7187,false,false,false,false,false
MARIANNA,KAAT,Erakond Eesti 200,683,11159,121,2,0.0210,1233.6020,false,false,false,false,false
SVETLANA,SKREBNEVA,Erakond Eesti 200,679,11132,113,2,0.0196,1212.8303,false,false,false,false,false
AARE,LILL,Erakond Eesti 200,751,11144,112,9,0.0167,1173.4234,false,false,false,false,false
TARMO,PRIKK,Erakond Eesti 200,666,11066,110,1,0.0179,1183.0198,false,false,false,false,false
MARTIN,VILEN,Erakond Eesti 200,753,11092,109,9,0.0163,1154.7151,false,false,false,false,false
MARJU,MÄGER,Erakond Eesti 200,742,11087,104,8,0.0185,1192.7834,false,false,false,false,false
KARL ERIK,HEINSOO,Erakond Eesti 200,741,11155,89,8,0.0159,1145.5949,false,false,false,false,false
AIVE,ADLER,Erakond Eesti 200,772,11077,82,11,0.0148,1136.6255,false,false,false,false,false
SERGEI,ANDREJEV,Erakond Eesti 200,731,11131,82,7,0.0167,1163.9899,false,false,false,false,false
PEETER-EERIK,OTS,Erakond Eesti 200,668,11161,82,1,0.0133,1085.7719,false,false,false,false,false
ALO-ALLAR,ALTMETS,Erakond Eesti 200,682,11048,81,2,0.0141,1119.1239,false,false,false,false,false
ANGELIKA,NARIS,Erakond Eesti 200,744,11086,78,8,0.0139,1110.5845,false,false,false,false,false
REIGO,LEHTLA,Erakond Eesti 200,727,11054,78,6,0.0138,1102.1816,false,false,false,false,false
TOIVO,SAKS,Erakond Eesti 200,771,11122,76,11,0.0137,1093.9118,false,false,false,false,false
TÕNU,OTS,Erakond Eesti 200,718,11125,76,5,0.0127,1077.7588,false,false,false,false,false
KSENIA,MOSKVINA,Erakond Eesti 200,735,11164,71,7,0.0144,1127.8030,false,false,false,false,false
VILLU,LOONDE,Erakond Eesti 200,665,11115,64,1,0.0104,1069.8696,false,false,false,false,false
KRISTO,MÄGI,Erakond Eesti 200,710,11129,59,4,0.0089,1062.1012,false,false,false,false,false
EINAR,VELLEND,Erakond Eesti 200,680,11130,31,2,0.0054,1054.4510,false,false,false,false,false
MARINA,KALJURAND,Sotsiaaldemokraatlik Erakond,446,10681,4145,4,0.6281,0.0000,false,true,false,true,false
RIINA,SIKKUT,Sotsiaaldemokraatlik Erakond,436,10671,2531,3,0.3964,7832.0488,false,false,true,true,false
JEVGENI,OSSINOVSKI,Sotsiaaldemokraatlik Erakond,421,10656,2437,2,0.4235,0.0000,false,true,false,true,false
MADIS,KALLAS,Sotsiaaldemokraatlik Erakond,464,10698,2254,5,0.3772,0.0000,false,true,false,true,false
HELMEN,KÜTT,Sotsiaaldemokraatlik Erakond,488,10723,2098,8,0.3737,0.0000,false,true,false,true,false
ANTI,ALLAS,Sotsiaaldemokraatlik Erakond,516,10752,1970,11,0.3549,0.0000,false,true,false,true,false
RAIMOND,KALJULAID,Sotsiaaldemokraatlik Erakond,409,10626,1819,1,0.2952,0.0000,false,true,false,true,false
LAURI,LÄÄNEMETS,Sotsiaaldemokraatlik Erakond,487,10722,1731,8,0.3083,8707.8844,false,false,true,true,false
IVARI,PADAR,Sotsiaaldemokraatlik Erakond,515,10751,1469,11,0.2647,1877.5272,false,false,false,false,true
NATALIE,METS,Sotsiaaldemokraatlik Erakond,411,10628,1399,1,0.2271,4197.0910,false,false,false,false,true
MADLE,LIPPUS,Sotsiaaldemokraatlik Erakond,422,10657,1365,2,0.2372,3653.3921,false,false,false,false,true
REILI,RAND,Sotsiaaldemokraatlik Erakond,465,10699,1361,5,0.2277,7123.5036,false,false,false,false,true
HELJO,PIKHOF,Sotsiaaldemokraatlik Erakond,506,10741,1242,10,0.2025,0.0000,false,true,false,true,false
KRISTA,ARU,Sotsiaaldemokraatlik Erakond,505,10740,1177,10,0.1919,1839.9346,false,false,false,false,true
PRIIT,LOMP,Sotsiaaldemokraatlik Erakond,497,10732,1030,9,0.1538,6045.4763,false,false,false,false,false
PIRET,HARTMAN,Sotsiaaldemokraatlik Erakond,479,10714,993,7,0.2017,1803.8964,false,false,false,false,false
KAJAR,LEMBER,Sotsiaaldemokraatlik Erakond,496,10731,882,9,0.1317,1736.1072,false,false,false,false,false
JAAK,JUSKE,Sotsiaaldemokraatlik Erakond,410,10627,814,1,0.1321,3366.1897,false,false,false,false,true
PEEP,PETERSON,Sotsiaaldemokraatlik Erakond,525,10762,755,12,0.1205,1769.3167,false,false,false,false,false
TIIT,MARAN,Sotsiaaldemokraatlik Erakond,447,10702,709,4,0.1074,2820.0150,false,false,false,false,true
TRIIN,TOOMESAAR,Sotsiaaldemokraatlik Erakond,450,10684,698,4,0.1058,2732.3444,false,false,false,false,true
MADIS,VESKIMÄGI,Sotsiaaldemokraatlik Erakond,528,10765,665,12,0.1061,2913.8437,false,false,false,false,false
SVEN,MIKSER,Sotsiaaldemokraatlik Erakond,437,10672,665,3,0.1041,4666.4397,false,false,false,false,false
EDUARD,ODINETS,Sotsiaaldemokraatlik Erakond,480,10715,630,7,0.1280,6537.9294,false,false,false,false,false
KRIS,SÜLD,Sotsiaaldemokraatlik Erakond,490,10725,608,8,0.1083,2432.3782,false,false,false,false,true
MAIDO,NÕLVAK,Sotsiaaldemokraatlik Erakond,472,10707,580,6,0.1026,5262.3340,false,false,false,false,false
JARNO,LAUR,Sotsiaaldemokraatlik Erakond,504,10739,554,9,0.0827,3122.8249,false,false,false,false,false
ANETTE,MÄLETJÄRV,Sotsiaaldemokraatlik Erakond,428,10663,553,2,0.0961,2092.8375,false,false,false,false,false
MARIKA,SAAR,Sotsiaaldemokraatlik Erakond,499,10734,512,9,0.0764,4418.6501,false,false,false,false,false
NEEME,SUUR,Sotsiaaldemokraatlik Erakond,466,10700,488,5,0.0817,2650.2358,false,false,false,false,false
KAIRIT,PIHLAK,Sotsiaaldemokraatlik Erakond,473,10708,473,6,0.0836,5625.2863,false,false,false,false,false
TOOMAS,JÜRGENSTEIN,Sotsiaaldemokraatlik Erakond,507,10742,471,10,0.0768,2194.3813,false,false,false,false,false
KADRI,KÕUSAAR,Sotsiaaldemokraatlik Erakond,412,10629,453,1,0.0735,3014.5163,false,false,false,false,false
EVELIIS,PADAR,Sotsiaaldemokraatlik Erakond,514,10750,452,10,0.0737,2142.3401,false,false,false,false,false
GERDA,KULLI-KORDEMETS,Sotsiaaldemokraatlik Erakond,526,10763,445,12,0.0710,3239.6905,false,false,false,false,false
KARL,KIRT,Sotsiaaldemokraatlik Erakond,518,10754,433,11,0.0780,3817.3910,false,false,false,false,false
KADRI,LEETMAA,Sotsiaaldemokraatlik Erakond,508,10743,415,10,0.0677,3997.7479,false,false,false,false,false
MARIS,NEENO,Sotsiaaldemokraatlik Erakond,521,10757,383,11,0.0690,2000.7286,false,false,false,false,false
ALEKSANDR,POPOV,Sotsiaaldemokraatlik Erakond,417,10639,381,1,0.0618,1957.8043,false,false,false,false,false
JANA,RISTIMETS,Sotsiaaldemokraatlik Erakond,533,10770,348,12,0.0555,1916.7790,false,false,false,false,false
SIRJE,TOBRELUTS,Sotsiaaldemokraatlik Erakond,517,10753,337,11,0.0607,4945.5149,false,false,false,false,false
KARMO,KURI,Sotsiaaldemokraatlik Erakond,441,10676,336,3,0.0526,2367.8960,false,false,false,false,false
TÕNU,OJA,Sotsiaaldemokraatlik Erakond,435,10670,328,2,0.0570,2306.9193,false,false,false,false,false
ANDRUS,VAARIK,Sotsiaaldemokraatlik Erakond,415,10636,322,1,0.0523,2249.1654,false,false,false,false,false
LIIS,ROSIN,Sotsiaaldemokraatlik Erakond,500,10735,319,9,0.0476,1643.9193,false,false,false,false,false
JOANNA,HOFFMANN,Sotsiaaldemokraatlik Erakond,510,10745,308,10,0.0502,2500.6831,false,false,false,false,false
LEMMIT,KAPLINSKI,Sotsiaaldemokraatlik Erakond,509,10744,303,10,0.0494,1673.4804,false,false,false,false,false
ARTJOM,DMITRIJEV,Sotsiaaldemokraatlik Erakond,427,10662,301,2,0.0523,2045.6892,false,false,false,false,false
TANEL,TALVE,Sotsiaaldemokraatlik Erakond,463,10697,292,4,0.0442,1511.2086,false,false,false,false,false
LAILA,TALUNIK,Sotsiaaldemokraatlik Erakond,474,10709,291,6,0.0515,2573.1679,false,false,false,false,false
KAAREL,OJA,Sotsiaaldemokraatlik Erakond,423,10658,291,2,0.0506,3503.5896,false,false,false,false,false
PILLE,PETERSOO,Sotsiaaldemokraatlik Erakond,449,10683,287,4,0.0435,1487.3264,false,false,false,false,false
MARIS,HELLRAND,Sotsiaaldemokraatlik Erakond,424,10659,286,2,0.0497,1704.1867,false,false,false,false,false
MAANO,KOEMETS,Sotsiaaldemokraatlik Erakond,503,10738,285,9,0.0425,1441.8724,false,false,false,false,false
KARL,PÜTSEPP,Sotsiaaldemokraatlik Erakond,511,10747,279,10,0.0455,1535.9152,false,false,false,false,false
EIKI,NESTOR,Sotsiaaldemokraatlik Erakond,467,10701,276,5,0.0462,1587.9812,false,false,false,false,false
HARDI,VOLMER,Sotsiaaldemokraatlik Erakond,455,10689,267,4,0.0405,1378.9265,false,false,false,false,false
VELVO,VÄLI,Sotsiaaldemokraatlik Erakond,478,10713,265,6,0.0469,1615.4393,false,false,false,false,false
JOOSEP,VIMM,Sotsiaaldemokraatlik Erakond,413,10632,265,1,0.0430,1464.2271,false,false,false,false,false
MARK,SOOSAAR,Sotsiaaldemokraatlik Erakond,532,10769,259,12,0.0413,1399.2548,false,false,false,false,false
RAUL,KUDRE,Sotsiaaldemokraatlik Erakond,520,10756,253,11,0.0456,1561.4902,false,false,false,false,false
HEIKI,HANSO,Sotsiaaldemokraatlik Erakond,471,10706,249,5,0.0417,1420.2262,false,false,false,false,false
HANNES,SOOSAAR,Sotsiaaldemokraatlik Erakond,502,10737,240,9,0.0358,1285.9566,false,false,false,false,false
ANNELI,PÄRLIN,Sotsiaaldemokraatlik Erakond,453,10687,234,4,0.0355,1236.2475,false,false,false,false,false
MAIRE,PÜSS,Sotsiaaldemokraatlik Erakond,501,10736,229,9,0.0342,1220.5656,false,false,false,false,false
KARIN,PAULUS,Sotsiaaldemokraatlik Erakond,416,10638,224,1,0.0364,1303.4792,false,false,false,false,false
KATRE,KIKKAS,Sotsiaaldemokraatlik Erakond,519,10755,219,11,0.0395,1359.2118,false,false,false,false,false
INARA,LUIGAS,Sotsiaaldemokraatlik Erakond,524,10760,215,11,0.0387,1340.0829,false,false,false,false,false
KRISTO,SIIG,Sotsiaaldemokraatlik Erakond,430,10665,206,2,0.0358,1268.9240,false,false,false,false,false
KÜLLI,URB,Sotsiaaldemokraatlik Erakond,438,10673,202,3,0.0316,1190.4278,false,false,false,false,false
RAIDO,PARVE,Sotsiaaldemokraatlik Erakond,476,10711,201,6,0.0355,1252.3608,false,false,false,false,false
MERLI,REIDOLF,Sotsiaaldemokraatlik Erakond,440,10675,197,3,0.0309,1161.8191,false,false,false,false,false
ANGELA,SIINOR,Sotsiaaldemokraatlik Erakond,469,10704,190,5,0.0318,1205.2979,false,false,false,false,false
OLEG,KUZNETSOV,Sotsiaaldemokraatlik Erakond,483,10718,187,7,0.0380,1321.5136,false,false,false,false,false
MART,MERI,Sotsiaaldemokraatlik Erakond,445,10680,186,3,0.0291,1148.0516,false,false,false,false,false
ASSO,NETTAN,Sotsiaaldemokraatlik Erakond,498,10733,184,9,0.0275,1096.2577,false,false,false,false,false
LAURI,PAEVEER,Sotsiaaldemokraatlik Erakond,439,10674,181,3,0.0283,1121.5238,false,false,false,false,false
EGLE,PULLERITS-HEINSAR,Sotsiaaldemokraatlik Erakond,459,10693,180,4,0.0273,1084.0695,false,false,false,false,false
EERIK,LUMISTE,Sotsiaaldemokraatlik Erakond,475,10710,163,6,0.0288,1134.6241,false,false,false,false,false
MARGIT,HIIET,Sotsiaaldemokraatlik Erakond,426,10661,160,2,0.0278,1108.7388,false,false,false,false,false
KIRKE,KARJA,Sotsiaaldemokraatlik Erakond,418,10640,155,1,0.0252,1038.0460,false,false,false,false,false
ETTI,KAGAROV,Sotsiaaldemokraatlik Erakond,482,10717,154,7,0.0313,1175.9398,false,false,false,false,false
BIRGIT,SITSKA,Sotsiaaldemokraatlik Erakond,493,10728,152,8,0.0271,1072.1639,false,false,false,false,false
MARIS,SILD,Sotsiaaldemokraatlik Erakond,414,10633,152,1,0.0247,1027.1764,false,false,false,false,false
TENE,METSMA,Sotsiaaldemokraatlik Erakond,491,10726,150,8,0.0267,1060.5310,false,false,false,false,false
REIN,KONTUS,Sotsiaaldemokraatlik Erakond,531,10768,141,12,0.0225,985.9965,false,false,false,false,false
MARI,SPEEK,Sotsiaaldemokraatlik Erakond,442,10677,139,3,0.0218,966.6842,false,false,false,false,false
SILVER,TAMBUR,Sotsiaaldemokraatlik Erakond,527,10764,138,12,0.0220,976.2395,false,false,false,false,false
MADIS JOOSEP,TOOMEL,Sotsiaaldemokraatlik Erakond,477,10712,137,6,0.0242,1016.5443,false,false,false,false,false
ANNE,VETIK,Sotsiaaldemokraatlik Erakond,429,10664,136,2,0.0236,1006.1419,false,false,false,false,false
TOOMAS,SARAPUU,Sotsiaaldemokraatlik Erakond,522,10758,129,11,0.0232,995.9617,false,false,false,false,false
ANTS,KUTTI,Sotsiaaldemokraatlik Erakond,481,10716,125,7,0.0254,1049.1614,false,false,false,false,false
EHA,RISTIMETS,Sotsiaaldemokraatlik Erakond,530,10767,123,12,0.0196,957.3241,false,false,false,false,false
JÜRI,ROSS,Sotsiaaldemokraatlik Erakond,448,10682,115,4,0.0174,921.7202,false,false,false,false,false
ANTS,JOHANSON,Sotsiaaldemokraatlik Erakond,512,10748,114,10,0.0186,939.1661,false,false,false,false,false
MART,HIOB,Sotsiaaldemokraatlik Erakond,513,10749,108,10,0.0176,930.3568,false,false,false,false,false
SIIM,TUISK,Sotsiaaldemokraatlik Erakond,432,10667,107,2,0.0186,948.1533,false,false,false,false,false
ANTO,LIIVAT,Sotsiaaldemokraatlik Erakond,444,10679,106,3,0.0166,896.7960,false,false,false,false,false
OTT,VALDMA,Sotsiaaldemokraatlik Erakond,457,10691,102,4,0.0155,873.2531,false,false,false,false,false
MARIS,JÕGEVA,Sotsiaaldemokraatlik Erakond,468,10703,100,5,0.0167,904.9446,false,false,false,false,false
AIRI-ALINA,ALLASTE,Sotsiaaldemokraatlik Erakond,420,10642,100,1,0.0162,888.8007,false,false,false,false,false
KATI,NÕLVAK,Sotsiaaldemokraatlik Erakond,494,10729,97,8,0.0173,913.2510,false,false,false,false,false
MARGIT,VÄIKMERI,Sotsiaaldemokraatlik Erakond,462,10696,93,4,0.0141,836.7819,false,false,false,false,false
KIRILL,KLAUS,Sotsiaaldemokraatlik Erakond,425,10660,91,2,0.0158,880.9545,false,false,false,false,false
MART,SALUMÄE,Sotsiaaldemokraatlik Erakond,492,10727,86,8,0.0153,858.2687,false,false,false,false,false
EIMAR,VELDRE,Sotsiaaldemokraatlik Erakond,489,10724,82,8,0.0146,850.9781,false,false,false,false,false
SILVER,MEIKAR,Sotsiaaldemokraatlik Erakond,419,10641,81,1,0.0131,829.8695,false,false,false,false,false
TONIO,TAMRA,Sotsiaaldemokraatlik Erakond,495,10730,80,8,0.0143,843.8170,false,false,false,false,false
ANNE,UTTENDORF,Sotsiaaldemokraatlik Erakond,484,10719,76,7,0.0154,865.6925,false,false,false,false,false
VICTORIA,EROFEEVA,Sotsiaaldemokraatlik Erakond,431,10666,75,2,0.0130,823.0765,false,false,false,false,false
HESTIA,RINDLA,Sotsiaaldemokraatlik Erakond,460,10694,71,4,0.0108,803.3838,false,false,false,false,false
JANA,MOROZOV,Sotsiaaldemokraatlik Erakond,523,10759,68,11,0.0123,816.3999,false,false,false,false,false
KRISTJAN,KAUNISSAARE,Sotsiaaldemokraatlik Erakond,529,10766,64,12,0.0102,797.0385,false,false,false,false,false
AIVAR,JAESKI,Sotsiaaldemokraatlik Erakond,451,10685,64,4,0.0097,784.6599,false,false,false,false,false
JARI,PÄRGMA,Sotsiaaldemokraatlik Erakond,461,10695,60,4,0.0091,772.6803,false,false,false,false,false
MARGE,KANNA,Sotsiaaldemokraatlik Erakond,470,10705,59,5,0.0099,790.7980,false,false,false,false,false
MARK,GERASSIMENKO,Sotsiaaldemokraatlik Erakond,486,10721,56,7,0.0114,809.8366,false,false,false,false,false
ALEKSANDER,VALDMANN,Sotsiaaldemokraatlik Erakond,434,10669,55,2,0.0096,778.6215,false,false,false,false,false
HENRI,KASELO,Sotsiaaldemokraatlik Erakond,452,10686,46,4,0.0070,761.0804,false,false,false,false,false
EVE,KISLOV,Sotsiaaldemokraatlik Erakond,454,10688,45,4,0.0068,755.4171,false,false,false,false,false
JELENA,PETRILÄINEN,Sotsiaaldemokraatlik Erakond,433,10668,43,2,0.0075,766.8340,false,false,false,false,false
VLADISLAV,VELIŽANIN,Sotsiaaldemokraatlik Erakond,458,10692,42,4,0.0064,749.8421,false,false,false,false,false
RAIGO,MÜNTER,Sotsiaaldemokraatlik Erakond,456,10690,33,4,0.0050,738.9484,false,false,false,false,false
AILI,ILVES,Sotsiaaldemokraatlik Erakond,485,10720,29,7,0.0059,744.3532,false,false,false,false,false
VAHUR,KOORITS,Sotsiaaldemokraatlik Erakond,443,10678,20,3,0.0031,733.6259,false,false,false,false,false
URMAS,REINSALU,ISAMAA Erakond,321,10821,4509,4,0.6833,0.0000,false,true,false,true,false
AIVAR,KOKK,ISAMAA Erakond,371,10885,3136,9,0.4681,0.0000,false,true,false,true,false
HELIR-VALDOR,SEEDER,ISAMAA Erakond,362,10873,2689,8,0.4790,0.0000,false,true,false,true,false
TÕNIS,LUKAS,ISAMAA Erakond,380,10896,2218,10,0.3616,9992.1192,false,false,true,true,false
ÜLLAR,SAAREMÄE,ISAMAA Erakond,347,10852,2027,6,0.3584,4133.1936,false,false,false,false,false
RIINA,SOLMAN,ISAMAA Erakond,284,10782,1773,1,0.2878,11773.9104,false,false,true,true,false
RIHO,TERRAS,ISAMAA Erakond,296,10794,1724,2,0.2996,8697.7215,false,false,true,true,false
RAIVO,TAMM,ISAMAA Erakond,311,10811,1693,3,0.2651,4380.3781,false,false,false,false,false
ANDRES,METSOJA,ISAMAA Erakond,400,10918,1607,12,0.2564,7712.8120,false,false,true,true,false
PRIIT,SIBUL,ISAMAA Erakond,390,10907,1420,11,0.2558,14392.6160,false,false,true,true,false
HEIKI,HEPNER,ISAMAA Erakond,324,10824,1024,4,0.1552,3913.7196,false,false,false,false,true
MART,MAASTIK,ISAMAA Erakond,339,10841,855,5,0.1431,6937.0604,false,false,false,false,false
LAURI,LUUR,ISAMAA Erakond,402,10920,812,12,0.1296,2765.9716,false,false,false,false,false
JUHANI,JAEGER,ISAMAA Erakond,372,10887,594,9,0.0887,2869.4827,false,false,false,false,false
MARKO,POMERANTS,ISAMAA Erakond,349,10859,590,6,0.1043,2580.8713,false,false,false,false,false
MIHHAIL,LOTMAN,ISAMAA Erakond,381,10897,572,10,0.0933,3717.4786,false,false,false,false,false
ALAR,KARU,ISAMAA Erakond,364,10876,539,8,0.0960,2497.7646,false,false,false,false,false
RÜNDO,MÜLTS,ISAMAA Erakond,363,10874,534,8,0.0951,2981.5265,false,false,false,false,false
LAURI,VAHTRE,ISAMAA Erakond,323,10823,510,4,0.0773,1811.9230,false,false,false,false,false
REET,ALEV,ISAMAA Erakond,373,10888,503,9,0.0751,2420.1124,false,false,false,false,false
MIKK,LÕHMUS,ISAMAA Erakond,340,10842,481,5,0.0805,3235.9095,false,false,false,false,false
TARMO,KRUUSIMÄE,ISAMAA Erakond,297,10795,448,2,0.0778,4660.9935,false,false,false,false,false
MAREK,PIHLAK,ISAMAA Erakond,379,10895,441,9,0.0658,1897.5293,false,false,false,false,false
HENDRIK,AGUR,ISAMAA Erakond,354,10861,441,7,0.0896,3103.2254,false,false,false,false,false
GERLI,LEHE,ISAMAA Erakond,328,10828,440,4,0.0667,3540.9149,false,false,false,false,false
ANTI,TOPLAAN,ISAMAA Erakond,342,10844,435,5,0.0728,2279.1253,false,false,false,false,false
MATI,SUTT,ISAMAA Erakond,408,10927,428,12,0.0683,1943.6237,false,false,false,false,false
ANDRUS,ILUMETS,ISAMAA Erakond,341,10843,424,5,0.0710,2670.0397,false,false,false,false,false
RAIVO,AEG,ISAMAA Erakond,322,10822,418,4,0.0633,5354.6441,false,false,false,false,false
TÕNIS,PRULER,ISAMAA Erakond,352,10857,409,6,0.0723,1992.1475,false,false,false,false,false
LEA,DANILSON-JÄRG,ISAMAA Erakond,312,10812,409,3,0.0641,6309.4824,false,false,false,false,false
ULLA,PREEDEN,ISAMAA Erakond,395,10912,379,11,0.0683,2043.3017,false,false,false,false,false
TARMO,PIIRMANN,ISAMAA Erakond,393,10910,371,11,0.0668,2347.3865,false,false,false,false,false
KRISTJAN,JÄRVAN,ISAMAA Erakond,285,10783,367,1,0.0596,5790.8233,false,false,false,false,false
MARKO,KALJUVEER,ISAMAA Erakond,298,10796,349,2,0.0606,3381.1679,false,false,false,false,false
MARJA-LIISA,VEISER,ISAMAA Erakond,355,10863,341,7,0.0693,4982.4703,false,false,false,false,false
KALLE,MUULI,ISAMAA Erakond,313,10813,319,3,0.0500,1772.1001,false,false,false,false,false
MERLE,JÄÄGER,ISAMAA Erakond,384,10899,312,10,0.0509,2214.9236,false,false,false,false,false
TANEL,OTS,ISAMAA Erakond,325,10825,312,4,0.0473,1597.7605,false,false,false,false,false
AVO,KIRSBAUM,ISAMAA Erakond,399,10917,305,11,0.0550,1853.6835,false,false,false,false,false
MEELIS,MÕTTUS,ISAMAA Erakond,394,10911,298,11,0.0537,2154.4240,false,false,false,false,false
ELA,TOMSON,ISAMAA Erakond,401,10919,297,12,0.0474,1629.6805,false,false,false,false,false
EINAR,VALLBAUM,ISAMAA Erakond,351,10860,293,6,0.0518,2097.3104,false,false,false,false,false
URMAS,AAVA,ISAMAA Erakond,405,10924,288,12,0.0460,1537.7177,false,false,false,false,false
TARMO,KÕUTS,ISAMAA Erakond,326,10826,288,4,0.0436,1456.0644,false,false,false,false,false
PRIIT,ANNUS,ISAMAA Erakond,407,10926,284,12,0.0453,1509.4449,false,false,false,false,false
KERT,KARUS,ISAMAA Erakond,350,10856,280,6,0.0495,1734.0810,false,false,false,false,false
MARI-ANN,KELAM,ISAMAA Erakond,329,10829,280,4,0.0424,1360.4022,false,false,false,false,false
PILLE,LILL,ISAMAA Erakond,299,10797,279,2,0.0485,1662.9773,false,false,false,false,false
AARE,ANDERSON,ISAMAA Erakond,375,10890,277,9,0.0414,1296.9061,false,false,false,false,false
KAIDO,KAASIK,ISAMAA Erakond,346,10849,277,5,0.0464,1567.1323,false,false,false,false,false
TRIVIMI,VELLISTE,ISAMAA Erakond,319,10819,274,3,0.0429,1406.5185,false,false,false,false,false
ARNE,TILK,ISAMAA Erakond,396,10913,271,11,0.0488,1697.7437,false,false,false,false,false
KASPAR,KOKK,ISAMAA Erakond,382,10906,263,10,0.0429,1383.0547,false,false,false,false,false
RAIN,SANGERNEBO,ISAMAA Erakond,378,10893,261,9,0.0390,1203.8912,false,false,false,false,false
PRIIDU,PÄRNA,ISAMAA Erakond,287,10785,259,1,0.0420,1317.3657,false,false,false,false,false
JOHAN,KÄRP,ISAMAA Erakond,406,10925,252,12,0.0402,1239.3583,false,false,false,false,false
PRIIT,HUMAL,ISAMAA Erakond,383,10898,252,10,0.0411,1277.1059,false,false,false,false,false
MIHHAIL,FEŠTŠIN,ISAMAA Erakond,365,10877,250,8,0.0445,1482.2475,false,false,false,false,false
LAGLE,PAREK,ISAMAA Erakond,301,10799,250,2,0.0434,1430.8388,false,false,false,false,false
ARTUR,TIGANIK,ISAMAA Erakond,327,10827,248,4,0.0376,1186.9482,false,false,false,false,false
TUNNE-VÄLDO,KELAM,ISAMAA Erakond,391,10908,235,11,0.0423,1338.5189,false,false,false,false,false
HELDUR-VALDEK,SEEDER,ISAMAA Erakond,310,10810,235,2,0.0408,1257.9333,false,false,false,false,false
MONIKA,ROGENBAUM,ISAMAA Erakond,392,10909,217,11,0.0391,1221.3530,false,false,false,false,false
SIIM,SUURSILD,ISAMAA Erakond,404,10922,216,12,0.0345,1154.5273,false,false,false,false,false
SULO,SÄRKINEN,ISAMAA Erakond,367,10880,207,8,0.0369,1170.5008,false,false,false,false,false
TIIT,MEREN,ISAMAA Erakond,289,10787,199,1,0.0323,1123.9208,false,false,false,false,false
ENE,TÄHT,ISAMAA Erakond,403,10921,191,12,0.0305,1109.2503,false,false,false,false,false
ALARI,KIRT,ISAMAA Erakond,353,10858,186,6,0.0329,1139.0070,false,false,false,false,false
MERIKE,VÄRIK,ISAMAA Erakond,314,10814,185,3,0.0290,1067.5654,false,false,false,false,false
HELEN,HÄÄL,ISAMAA Erakond,286,10784,183,1,0.0297,1081.0884,false,false,false,false,false
VOOTELE,HANSEN,ISAMAA Erakond,293,10791,172,1,0.0279,1041.5621,false,false,false,false,false
ENE,MAATEN,ISAMAA Erakond,368,10882,169,8,0.0301,1094.9783,false,false,false,false,false
ANTI,NÕLVIK,ISAMAA Erakond,398,10915,160,11,0.0288,1054.3946,false,false,false,false,false
KERSTI,TRUVERK,ISAMAA Erakond,343,10845,160,5,0.0268,1029.0550,false,false,false,false,false
IVAR,TEDREMA,ISAMAA Erakond,377,10892,157,9,0.0234,993.3644,false,false,false,false,false
ARGO,ANNUK,ISAMAA Erakond,374,10889,148,9,0.0221,949.6450,false,false,false,false,false
ALLAN,UNT,ISAMAA Erakond,387,10903,143,10,0.0233,982.0404,false,false,false,false,false
LEMBIT,KRUUSE,ISAMAA Erakond,370,10884,140,8,0.0249,1004.9676,false,false,false,false,false
KARL SANDER,KASE,ISAMAA Erakond,288,10786,137,1,0.0222,960.1901,false,false,false,false,false
MART,RANNUT,ISAMAA Erakond,320,10820,135,3,0.0211,929.2710,false,false,false,false,false
JAANUS,KRIISK,ISAMAA Erakond,389,10905,132,10,0.0215,939.3414,false,false,false,false,false
AIVO,TAMM,ISAMAA Erakond,357,10866,129,7,0.0262,1016.8608,false,false,false,false,false
KALLE,VISTER,ISAMAA Erakond,397,10914,128,11,0.0231,970.9855,false,false,false,false,false
KADI,ALATALU,ISAMAA Erakond,316,10816,120,3,0.0188,873.3242,false,false,false,false,false
MARIT,SEPMA,ISAMAA Erakond,386,10901,119,10,0.0194,900.3812,false,false,false,false,false
MADIS,PÄTS,ISAMAA Erakond,303,10801,119,2,0.0207,909.7983,false,false,false,false,false
AVO,ÜPRUS,ISAMAA Erakond,295,10793,117,1,0.0190,891.1675,false,false,false,false,false
VILLU,KARU,ISAMAA Erakond,336,10838,114,4,0.0173,847.9282,false,false,false,false,false
KALMER,POOPUU,ISAMAA Erakond,344,10847,113,5,0.0189,882.1506,false,false,false,false,false
LEMBIT,KALEV,ISAMAA Erakond,385,10900,110,10,0.0179,856.2187,false,false,false,false,false
MERIKE,KÄVER,ISAMAA Erakond,332,10832,110,4,0.0167,801.5342,false,false,false,false,false
KALEV,VAPPER,ISAMAA Erakond,304,10802,106,2,0.0184,864.6821,false,false,false,false,false
TIMO,JUURSALU,ISAMAA Erakond,361,10871,104,7,0.0211,919.4258,false,false,false,false,false
FRIEDRICH,KAASIK,ISAMAA Erakond,388,10904,98,10,0.0160,787.2352,false,false,false,false,false
TÕNIS,PALTS,ISAMAA Erakond,309,10807,97,2,0.0169,816.3928,false,false,false,false,false
IRMA,VÄRE,ISAMAA Erakond,366,10878,96,8,0.0171,839.8054,false,false,false,false,false
SIGRID,NUUTRE,ISAMAA Erakond,348,10855,96,6,0.0170,824.0425,false,false,false,false,false
JÜRI,TREI,ISAMAA Erakond,308,10806,96,2,0.0167,808.8915,false,false,false,false,false
ERIK,SANDLA,ISAMAA Erakond,331,10831,93,4,0.0141,773.4642,false,false,false,false,false
IRINA,ORLOVA,ISAMAA Erakond,376,10891,92,9,0.0137,760.1921,false,false,false,false,false
LEA,NILSON,ISAMAA Erakond,302,10800,92,2,0.0160,794.3168,false,false,false,false,false
VALDIS,TOOMAST,ISAMAA Erakond,335,10836,91,4,0.0138,766.7676,false,false,false,false,false
PEEP,LASSMANN,ISAMAA Erakond,305,10803,86,2,0.0149,780.2856,false,false,false,false,false
ARTUR,PÕLD,ISAMAA Erakond,358,10867,84,7,0.0171,831.8451,false,false,false,false,false
JAN,TREI,ISAMAA Erakond,330,10830,83,4,0.0126,753.7346,false,false,false,false,false
ANNE,EENPALU,ISAMAA Erakond,337,10839,81,4,0.0123,741.1606,false,false,false,false,false
RAIN,VEETÕUSME,ISAMAA Erakond,292,10790,77,1,0.0125,747.3918,false,false,false,false,false
PRIIT,PÕLDMÄE,ISAMAA Erakond,333,10833,75,4,0.0114,723.1078,false,false,false,false,false
MIKK,TARGO,ISAMAA Erakond,315,10815,75,3,0.0117,735.0382,false,false,false,false,false
MARJU,AOLAID,ISAMAA Erakond,334,10835,72,4,0.0109,705.9588,false,false,false,false,false
INGRID,MÜHLING,ISAMAA Erakond,291,10789,70,1,0.0114,717.2945,false,false,false,false,false
TÕNU,MUNK,ISAMAA Erakond,345,10848,69,5,0.0115,729.0215,false,false,false,false,false
PEETER,VÕSU,ISAMAA Erakond,294,10792,69,1,0.0112,711.5790,false,false,false,false,false
GERRY,KONNOV,ISAMAA Erakond,317,10817,58,3,0.0091,700.4315,false,false,false,false,false
JAAN SVEN,MÄNNIK,ISAMAA Erakond,300,10798,52,2,0.0090,694.9948,false,false,false,false,false
HELI,KOIT,ISAMAA Erakond,369,10883,49,8,0.0087,689.6464,false,false,false,false,false
TIIT,MATSULEVITŠ,ISAMAA Erakond,306,10804,49,2,0.0085,684.3841,false,false,false,false,false
IMRE,RAMMUL,ISAMAA Erakond,338,10840,48,4,0.0073,674.1098,false,false,false,false,false
HANNES,TOOMSALU,ISAMAA Erakond,290,10788,48,1,0.0078,679.2059,false,false,false,false,false
FELIKS,UNDUSK,ISAMAA Erakond,307,10805,38,2,0.0066,669.0936,false,false,false,false,false
KRISTIAN,TASKA,ISAMAA Erakond,318,10818,37,3,0.0058,654.5069,false,false,false,false,false
PEETER,KALDUR,ISAMAA Erakond,360,10870,32,7,0.0065,664.1557,false,false,false,false,false
PIRET,LINNAS,ISAMAA Erakond,359,10869,30,7,0.0061,659.2940,false,false,false,false,false
SIIM,UMEROV,ISAMAA Erakond,356,10864,10,7,0.0020,649.7925,false,false,false,false,false
LAVLY,PERLING,Erakond Parempoolsed,138,10412,2443,4,0.3702,0.0000,false,false,false,false,false
ILMAR,RAAG,Erakond Parempoolsed,101,10942,1131,1,0.1836,0.0000,false,false,false,false,false
PÕIM,KAMA,Erakond Parempoolsed,207,10781,556,11,0.1002,0.0000,false,false,false,false,false
SIIM VALMAR,KIISLER,Erakond Parempoolsed,128,10561,530,3,0.0830,0.0000,false,false,false,false,false
TIINA,UUENI,Erakond Parempoolsed,164,10865,477,6,0.0843,0.0000,false,false,false,false,false
KRISTJAN,VANASELJA,Erakond Parempoolsed,156,10560,462,5,0.0773,0.0000,false,false,false,false,false
KAAREL,KOSE,Erakond Parempoolsed,217,10990,426,12,0.0680,0.0000,false,false,false,false,false
MART,KUUSK,Erakond Parempoolsed,113,10808,411,2,0.0714,0.0000,false,false,false,false,false
ELMO,SOMELAR,Erakond Parempoolsed,197,11024,367,10,0.0598,0.0000,false,false,false,false,false
ALLAN,MUUK,Erakond Parempoolsed,188,11025,321,9,0.0479,0.0000,false,false,false,false,false
ANDRES,LAISK,Erakond Parempoolsed,139,10614,285,4,0.0432,0.0000,false,false,false,false,false
PRIIT,PÕLLUMÄE,Erakond Parempoolsed,179,11020,232,8,0.0413,0.0000,false,false,false,false,false
KAREL,KUNINGAS,Erakond Parempoolsed,189,10611,229,9,0.0342,0.0000,false,false,false,false,false
KADRI,KULLMAN,Erakond Parempoolsed,198,11026,209,10,0.0341,0.0000,false,false,false,false,false
TÕNIS-MARTIN,KONS,Erakond Parempoolsed,115,10562,202,2,0.0351,0.0000,false,false,false,false,false
AILI,AVI,Erakond Parempoolsed,180,10615,197,8,0.0351,0.0000,false,false,false,false,false
INDREK,LUBERG,Erakond Parempoolsed,129,10556,194,3,0.0304,0.0000,false,false,false,false,false
KAIRE,VAHEJÕE,Erakond Parempoolsed,190,10616,190,9,0.0284,0.0000,false,false,false,false,false
ANDRES,TÖLP,Erakond Parempoolsed,219,10648,183,12,0.0292,0.0000,false,false,false,false,false
ANDRES,KAARMANN,Erakond Parempoolsed,140,10558,162,4,0.0245,0.0000,false,false,false,false,false
TÕNU,AIGRO,Erakond Parempoolsed,192,11023,158,9,0.0236,0.0000,false,false,false,false,false
KADRI,SOMMER,Erakond Parempoolsed,191,11027,125,9,0.0187,0.0000,false,false,false,false,false
JANEK,PUUSEPP,Erakond Parempoolsed,165,10962,115,6,0.0203,0.0000,false,false,false,false,false
ARNE,MERILAI,Erakond Parempoolsed,199,11022,114,10,0.0186,0.0000,false,false,false,false,false
KATI,KUUSK,Erakond Parempoolsed,181,10953,111,8,0.0198,0.0000,false,false,false,false,false
MIHKEL,KALDA,Erakond Parempoolsed,184,10875,110,8,0.0196,0.0000,false,false,false,false,false
ÜLLE,MITT,Erakond Parempoolsed,130,10772,100,3,0.0157,0.0000,false,false,false,false,false
AIMUR,LIIVA,Erakond Parempoolsed,141,10620,95,4,0.0144,0.0000,false,false,false,false,false
MIKK,UMBLEJA,Erakond Parempoolsed,216,11019,92,11,0.0166,0.0000,false,false,false,false,false
ESMAR,NARUSKI,Erakond Parempoolsed,208,11028,91,11,0.0164,0.0000,false,false,false,false,false
IVO,LOIDE,Erakond Parempoolsed,171,10774,90,7,0.0183,0.0000,false,false,false,false,false
ALAR,MUTLI,Erakond Parempoolsed,145,10834,87,4,0.0132,0.0000,false,false,false,false,false
KATI,KÄPP,Erakond Parempoolsed,127,10559,83,2,0.0144,0.0000,false,false,false,false,false
PEETER,HERMIK,Erakond Parempoolsed,221,11030,81,12,0.0129,0.0000,false,false,false,false,false
KÄTLIN,KULDMAA,Erakond Parempoolsed,121,10986,81,2,0.0141,0.0000,false,false,false,false,false
MARGUS,KARRO,Erakond Parempoolsed,211,11031,78,11,0.0141,0.0000,false,false,false,false,false
BIRGIT,REMIKÜLL,Erakond Parempoolsed,166,11011,76,6,0.0134,0.0000,false,false,false,false,false
MARELLE,ERLENHEIM,Erakond Parempoolsed,218,11008,74,12,0.0118,0.0000,false,false,false,false,false
AADI,TEGOVA,Erakond Parempoolsed,200,11021,70,10,0.0114,0.0000,false,false,false,false,false
TOOMAS,KASEMAA,Erakond Parempoolsed,158,11015,66,5,0.0110,0.0000,false,false,false,false,false
INGA,KUPP-SILBERG,Erakond Parempoolsed,157,10646,65,5,0.0109,0.0000,false,false,false,false,false
TÕNU,PIHELGAS,Erakond Parempoolsed,135,10649,64,3,0.0100,0.0000,false,false,false,false,false
ANDO,EELMAA,Erakond Parempoolsed,143,10999,63,4,0.0095,0.0000,false,false,false,false,false
MAI,LOOG,Erakond Parempoolsed,117,10989,62,2,0.0108,0.0000,false,false,false,false,false
MERLI,KAUNISSAAR,Erakond Parempoolsed,167,10969,61,6,0.0108,0.0000,false,false,false,false,false
REIN,MURULA,Erakond Parempoolsed,114,10987,60,2,0.0104,0.0000,false,false,false,false,false
MARGIT,LEERIMAA,Erakond Parempoolsed,133,10955,59,3,0.0092,0.0000,false,false,false,false,false
ÜLLE,KELL,Erakond Parempoolsed,104,10981,59,1,0.0096,0.0000,false,false,false,false,false
INDREK,ADLER,Erakond Parempoolsed,202,10939,58,10,0.0095,0.0000,false,false,false,false,false
IMRE,VILT,Erakond Parempoolsed,194,10773,56,9,0.0084,0.0000,false,false,false,false,false
TARMO,LINNAMÄGI,Erakond Parempoolsed,116,10988,56,2,0.0097,0.0000,false,false,false,false,false
LIINA,TSIMMER,Erakond Parempoolsed,210,11029,55,11,0.0099,0.0000,false,false,false,false,false
EERO,ALAMAA,Erakond Parempoolsed,144,11001,55,4,0.0083,0.0000,false,false,false,false,false
KRISTIINA,LAIUS,Erakond Parempoolsed,220,10776,54,12,0.0086,0.0000,false,false,false,false,false
TÕNU,LIIVO,Erakond Parempoolsed,160,10949,54,5,0.0090,0.0000,false,false,false,false,false
SIGNE,LAAR,Erakond Parempoolsed,150,11012,54,4,0.0082,0.0000,false,false,false,false,false
ANDRUS,KAARELSON,Erakond Parempoolsed,146,11007,53,4,0.0080,0.0000,false,false,false,false,false
JORMA,PUUSAAG,Erakond Parempoolsed,131,10854,53,3,0.0083,0.0000,false,false,false,false,false
KRISTA,VAPPER,Erakond Parempoolsed,119,10983,53,2,0.0092,0.0000,false,false,false,false,false
VIRKO,RAAGMETS,Erakond Parempoolsed,147,11006,49,4,0.0074,0.0000,false,false,false,false,false
UKU,KUDU,Erakond Parempoolsed,214,10746,48,11,0.0086,0.0000,false,false,false,false,false
AGO,KAASIK,Erakond Parempoolsed,195,10982,48,9,0.0072,0.0000,false,false,false,false,false
VILJAR,PENNERT,Erakond Parempoolsed,183,10851,48,8,0.0086,0.0000,false,false,false,false,false
TAUNO,ÕUNAPUU,Erakond Parempoolsed,120,10651,48,2,0.0083,0.0000,false,false,false,false,false
ANELI,ŠMIGELSKITE,Erakond Parempoolsed,177,10775,46,7,0.0093,0.0000,false,false,false,false,false
AIRI,LIIVA,Erakond Parempoolsed,170,10777,46,6,0.0081,0.0000,false,false,false,false,false
MARTIN,KLEINERT,Erakond Parempoolsed,196,11002,44,9,0.0066,0.0000,false,false,false,false,false
SANDRA,SANDER,Erakond Parempoolsed,124,10992,44,2,0.0076,0.0000,false,false,false,false,false
RAIT MATTIAS,SALVAN,Erakond Parempoolsed,173,11017,43,7,0.0087,0.0000,false,false,false,false,false
ADRIANA,JORDAN,Erakond Parempoolsed,154,10647,43,4,0.0065,0.0000,false,false,false,false,false
TARVI,TUVI,Erakond Parempoolsed,185,10954,42,8,0.0075,0.0000,false,false,false,false,false
HEDI,TEIDEARU,Erakond Parempoolsed,201,10608,41,10,0.0067,0.0000,false,false,false,false,false
KERLI,ELBRECHT,Erakond Parempoolsed,161,10946,41,5,0.0069,0.0000,false,false,false,false,false
AIVAR,HELSTEIN,Erakond Parempoolsed,175,11016,40,7,0.0081,0.0000,false,false,false,false,false
ÜLAR,LEMBKE,Erakond Parempoolsed,168,10994,40,6,0.0071,0.0000,false,false,false,false,false
RAUL,ENNUS,Erakond Parempoolsed,134,10995,40,3,0.0063,0.0000,false,false,false,false,false
VÄINO,TÕEMETS,Erakond Parempoolsed,209,10778,39,11,0.0070,0.0000,false,false,false,false,false
GRETA,PUKK,Erakond Parempoolsed,224,10951,38,12,0.0061,0.0000,false,false,false,false,false
ÜLO,HEINSOO,Erakond Parempoolsed,204,10975,36,10,0.0059,0.0000,false,false,false,false,false
GUIDO,POOK,Erakond Parempoolsed,193,10974,36,9,0.0054,0.0000,false,false,false,false,false
KATRIN,EKŠTEIN,Erakond Parempoolsed,222,10630,35,12,0.0056,0.0000,false,false,false,false,false
ERMO,TÄKS,Erakond Parempoolsed,182,10936,34,8,0.0061,0.0000,false,false,false,false,false
ALAR,VOITKA,Erakond Parempoolsed,103,10977,34,1,0.0055,0.0000,false,false,false,false,false
HENRIK,AAVIK,Erakond Parempoolsed,102,10644,34,1,0.0055,0.0000,false,false,false,false,false
TANEL,UIBO,Erakond Parempoolsed,206,10950,33,10,0.0054,0.0000,false,false,false,false,false
KADRI,TILLEMANN,Erakond Parempoolsed,142,10610,33,4,0.0050,0.0000,false,false,false,false,false
VILLE,VALLASTE,Erakond Parempoolsed,153,11013,32,4,0.0048,0.0000,false,false,false,false,false
ALEKSANDER,SAAK,Erakond Parempoolsed,223,10635,31,12,0.0049,0.0000,false,false,false,false,false
PAAVO,ULMANIS,Erakond Parempoolsed,225,10564,29,12,0.0046,0.0000,false,false,false,false,false
MARJU,PUURAND,Erakond Parempoolsed,169,10634,29,6,0.0051,0.0000,false,false,false,false,false
HEIKO,KIISK,Erakond Parempoolsed,112,10970,29,1,0.0047,0.0000,false,false,false,false,false
PRIIT,PÕDRA,Erakond Parempoolsed,106,10971,29,1,0.0047,0.0000,false,false,false,false,false
MAIT,RAAVA,Erakond Parempoolsed,118,10984,28,2,0.0049,0.0000,false,false,false,false,false
AGU,LAIUS,Erakond Parempoolsed,151,10997,26,4,0.0039,0.0000,false,false,false,false,false
MICHAEL GREGORIUS,BACH,Erakond Parempoolsed,107,10931,26,1,0.0042,0.0000,false,false,false,false,false
MART,KEERUTAJA,Erakond Parempoolsed,213,10622,25,11,0.0045,0.0000,false,false,false,false,false
KASPAR,PÕDER,Erakond Parempoolsed,125,10606,25,2,0.0043,0.0000,false,false,false,false,false
JAAN MIHKEL,UUSTALU,Erakond Parempoolsed,163,10944,24,5,0.0040,0.0000,false,false,false,false,false
REIN,MOOTSE,Erakond Parempoolsed,212,11032,23,11,0.0041,0.0000,false,false,false,false,false
RUDOLF KASPER,NARUSKI,Erakond Parempoolsed,137,10938,23,3,0.0036,0.0000,false,false,false,false,false
HINDREK,MÄNNIK,Erakond Parempoolsed,123,10985,23,2,0.0040,0.0000,false,false,false,false,false
CARMEN MARIANNE,TEÄR,Erakond Parempoolsed,205,10956,22,10,0.0036,0.0000,false,false,false,false,false
ANNE,ENSLING,Erakond Parempoolsed,148,10979,20,4,0.0030,0.0000,false,false,false,false,false
KARIT TUUSULA,MÖLDER,Erakond Parempoolsed,178,10645,19,7,0.0039,0.0000,false,false,false,false,false
RAINER,LOMP,Erakond Parempoolsed,122,10972,19,2,0.0033,0.0000,false,false,false,false,false
ARVO,VESKIMETS,Erakond Parempoolsed,152,10930,18,4,0.0027,0.0000,false,false,false,false,false
MARIE,EDALA,Erakond Parempoolsed,172,10996,17,7,0.0035,0.0000,false,false,false,false,false
MIHKEL,PALK,Erakond Parempoolsed,162,11014,17,5,0.0028,0.0000,false,false,false,false,false
URMAS,KIRSCH,Erakond Parempoolsed,187,10998,16,8,0.0029,0.0000,false,false,false,false,false
KAUR JOONAS,USAI,Erakond Parempoolsed,186,10993,16,8,0.0029,0.0000,false,false,false,false,false
ROMAN,ASTAHHOV,Erakond Parempoolsed,174,10846,16,7,0.0032,0.0000,false,false,false,false,false
TIIU,NIGUL,Erakond Parempoolsed,159,10935,16,5,0.0027,0.0000,false,false,false,false,false
JAAGUP,AINSALU,Erakond Parempoolsed,203,10976,15,10,0.0024,0.0000,false,false,false,false,false
ANN,RÄÄMET,Erakond Parempoolsed,155,10609,15,4,0.0023,0.0000,false,false,false,false,false
TIIT,NABER,Erakond Parempoolsed,111,10973,15,1,0.0024,0.0000,false,false,false,false,false
TOOMAS,BIRK,Erakond Parempoolsed,108,10978,15,1,0.0024,0.0000,false,false,false,false,false
ANDRES,KUUSE,Erakond Parempoolsed,105,10980,14,1,0.0023,0.0000,false,false,false,false,false
KAISA-LISETE,KUMARI,Erakond Parempoolsed,110,10968,13,1,0.0021,0.0000,false,false,false,false,false
IVAN,DMITRIJEV,Erakond Parempoolsed,176,11018,11,7,0.0022,0.0000,false,false,false,false,false
IVETA,TOMERA,Erakond Parempoolsed,149,10965,11,4,0.0017,0.0000,false,false,false,false,false
SULEV,KALDARU,Erakond Parempoolsed,215,11003,8,11,0.0014,0.0000,false,false,false,false,false
JEVGENI,GARMAŠ,Erakond Parempoolsed,126,10940,7,2,0.0012,0.0000,false,false,false,false,false
OIVI,NÕMMERGA,Erakond Parempoolsed,136,10932,6,3,0.0009,0.0000,false,false,false,false,false
TIIT-REIN,VIITSO,Erakond Parempoolsed,109,11035,5,1,0.0008,0.0000,false,false,false,false,false
IMRE MIGUEL,KAJU,Erakond Parempoolsed,132,10945,3,3,0.0005,0.0000,false,false,false,false,false
JOHANNA-MARIA,TÕUGU,Erakond Eestimaa Rohelised,234,10406,491,2,0.0853,0.0000,false,false,false,false,false
LIINA,REIMANN,Erakond Eestimaa Rohelised,282,10384,290,12,0.0463,0.0000,false,false,false,false,false
MARKO,KAASIK,Erakond Eestimaa Rohelised,268,10370,272,10,0.0443,0.0000,false,false,false,false,false
HELINA,TILK,Erakond Eestimaa Rohelised,239,10637,265,3,0.0415,0.0000,false,false,false,false,false
AVE,METS,Erakond Eestimaa Rohelised,263,10432,233,9,0.0348,0.0000,false,false,false,false,false
MARGUS,KONNULA,Erakond Eestimaa Rohelised,277,10621,231,11,0.0416,0.0000,false,false,false,false,false
NIKOLAI,DEGTJARENKO,Erakond Eestimaa Rohelised,243,10508,183,4,0.0277,0.0000,false,false,false,false,false
LAILA,KAASIK,Erakond Eestimaa Rohelised,269,10383,182,10,0.0297,0.0000,false,false,false,false,false
PIRET,RÄNI,Erakond Eestimaa Rohelised,259,10415,174,8,0.0310,0.0000,false,false,false,false,false
LIINA,FREIVALD,Erakond Eestimaa Rohelised,226,10402,168,1,0.0273,0.0000,false,false,false,false,false
TIMUR,SAGITOV,Erakond Eestimaa Rohelised,235,10184,163,2,0.0283,0.0000,false,false,false,false,false
ALEKSEI,LOTMAN,Erakond Eestimaa Rohelised,253,10519,159,5,0.0266,0.0000,false,false,false,false,false
KASPAR,KURVE,Erakond Eestimaa Rohelised,275,10372,144,11,0.0259,0.0000,false,false,false,false,false
KATRIN,JÕGISAAR,Erakond Eestimaa Rohelised,240,10504,142,3,0.0222,0.0000,false,false,false,false,false
EVELYN,SEPP,Erakond Eestimaa Rohelised,233,10510,130,1,0.0211,0.0000,false,false,false,false,false
SUSANNA,SAAR,Erakond Eestimaa Rohelised,247,10554,125,4,0.0189,0.0000,false,false,false,false,false
KAREN KANGRO,BURNS,Erakond Eestimaa Rohelised,245,11039,114,4,0.0173,0.0000,false,false,false,false,false
EGLE,OLESK,Erakond Eestimaa Rohelised,242,10414,112,3,0.0175,0.0000,false,false,false,false,false
ALINA,LERNER-VILU,Erakond Eestimaa Rohelised,228,10643,108,1,0.0175,0.0000,false,false,false,false,false
ELIISA,PASS,Erakond Eestimaa Rohelised,273,10563,104,10,0.0170,0.0000,false,false,false,false,false
OLIVER,LIIDEMANN,Erakond Eestimaa Rohelised,244,10934,104,4,0.0158,0.0000,false,false,false,false,false
KAIA,SOLNIK,Erakond Eestimaa Rohelised,276,10379,97,11,0.0175,0.0000,false,false,false,false,false
HANS LEONHARD,KÕRGESAAR,Erakond Eestimaa Rohelised,262,10388,91,9,0.0136,0.0000,false,false,false,false,false
SIIRI,ALBERG,Erakond Eestimaa Rohelised,248,10960,87,4,0.0132,0.0000,false,false,false,false,false
ERKKI,MARKUS,Erakond Eestimaa Rohelised,246,10655,85,4,0.0129,0.0000,false,false,false,false,false
RAUL,KÜBARSEPP,Erakond Eestimaa Rohelised,272,10401,79,10,0.0129,0.0000,false,false,false,false,false
MARTI,SOOSAAR,Erakond Eestimaa Rohelised,271,10377,77,10,0.0126,0.0000,false,false,false,false,false
OLIVER,ROHESALU,Erakond Eestimaa Rohelised,260,10652,76,8,0.0135,0.0000,false,false,false,false,false
RAUNO,ALLIKSAAR,Erakond Eestimaa Rohelised,257,10505,76,7,0.0154,0.0000,false,false,false,false,false
TUULA,RAIDNA,Erakond Eestimaa Rohelised,255,10398,75,6,0.0133,0.0000,false,false,false,false,false
JAANUS,NURMOJA,Erakond Eestimaa Rohelised,254,10403,75,6,0.0133,0.0000,false,false,false,false,false
FIDEELIA-SIGNE,ROOTS,Erakond Eestimaa Rohelised,230,10396,72,1,0.0117,0.0000,false,false,false,false,false
MATTIAS,PILV,Erakond Eestimaa Rohelised,267,10654,71,9,0.0106,0.0000,false,false,false,false,false
RASMUS,LAHTVEE,Erakond Eestimaa Rohelised,227,10631,71,1,0.0115,0.0000,false,false,false,false,false
KÄRT,KALVET,Erakond Eestimaa Rohelised,270,10385,66,10,0.0108,0.0000,false,false,false,false,false
JANEK,JÕGISAAR,Erakond Eestimaa Rohelised,241,10653,65,3,0.0102,0.0000,false,false,false,false,false
SVEN,ARULAID,Erakond Eestimaa Rohelised,283,10555,60,12,0.0096,0.0000,false,false,false,false,false
ELSA JOANNA,JUKOLA,Erakond Eestimaa Rohelised,261,10948,58,8,0.0103,0.0000,false,false,false,false,false
MARTTI,RANDMA,Erakond Eestimaa Rohelised,232,11041,58,1,0.0094,0.0000,false,false,false,false,false
RENE,KUULMANN,Erakond Eestimaa Rohelised,238,10520,55,2,0.0096,0.0000,false,false,false,false,false
LOORE,HÄRMAT,Erakond Eestimaa Rohelised,252,11037,54,5,0.0090,0.0000,false,false,false,false,false
STEVE,TRUUMETS,Erakond Eestimaa Rohelised,251,10928,50,5,0.0084,0.0000,false,false,false,false,false
ANNA,KALININA,Erakond Eestimaa Rohelised,256,10400,49,7,0.0100,0.0000,false,false,false,false,false
HAROLD,OJA,Erakond Eestimaa Rohelised,249,10380,49,4,0.0074,0.0000,false,false,false,false,false
KALLE,VIRKUS,Erakond Eestimaa Rohelised,250,10853,48,5,0.0080,0.0000,false,false,false,false,false
ANTI,EINPAUL,Erakond Eestimaa Rohelised,266,10613,46,9,0.0069,0.0000,false,false,false,false,false
HANNA-MARIA,RANDMA,Erakond Eestimaa Rohelised,281,11034,45,11,0.0081,0.0000,false,false,false,false,false
HANNES,LIITMÄE,Erakond Eestimaa Rohelised,229,10376,44,1,0.0071,0.0000,false,false,false,false,false
ALAR,AAB,Erakond Eestimaa Rohelised,274,10434,41,10,0.0067,0.0000,false,false,false,false,false
EERO,TÖLPT,Erakond Eestimaa Rohelised,236,10937,36,2,0.0063,0.0000,false,false,false,false,false
ALO,KAASIK,Erakond Eestimaa Rohelised,265,10413,31,9,0.0046,0.0000,false,false,false,false,false
KAIA,KONSAP,Erakond Eestimaa Rohelised,279,10850,21,11,0.0038,0.0000,false,false,false,false,false
PEETER,RAIELO,Erakond Eestimaa Rohelised,237,11005,20,2,0.0035,0.0000,false,false,false,false,false
ARVO,KUIV,Erakond Eestimaa Rohelised,264,10650,18,9,0.0027,0.0000,false,false,false,false,false
URMAS,HEINASTE,Erakond Eestimaa Rohelised,278,10521,16,11,0.0029,0.0000,false,false,false,false,false
ALEKSANDR,TRUNOV,Erakond Eestimaa Rohelised,258,10399,15,7,0.0030,0.0000,false,false,false,false,false
AUL,PEDAJAS,Erakond Eestimaa Rohelised,231,10506,14,1,0.0023,0.0000,false,false,false,false,false
KULLAR,LUBI,Erakond Eestimaa Rohelised,280,10780,1,11,0.0002,0.0000,false,false,false,false,false
AIVO,PETERSON,EESTIMAA ÜHENDATUD VASAKPARTEI,1050,10862,3968,7,0.8059,0.0000,false,false,false,false,false
OLEG,IVANOV,EESTIMAA ÜHENDATUD VASAKPARTEI,1038,10868,2699,2,0.4690,0.0000,false,false,false,false,false
JULIA,SOMMER,EESTIMAA ÜHENDATUD VASAKPARTEI,1034,10886,1481,1,0.2404,0.0000,false,false,false,false,false
STEPAN,ROMANOV,EESTIMAA ÜHENDATUD VASAKPARTEI,1048,10879,1017,4,0.1541,0.0000,false,false,false,false,false
SERGEI,JERJOMIN,EESTIMAA ÜHENDATUD VASAKPARTEI,1055,11044,719,9,0.1073,0.0000,false,false,false,false,false
IGOR,ROSENFELD,EESTIMAA ÜHENDATUD VASAKPARTEI,1056,11047,651,10,0.1061,0.0000,false,false,false,false,false
JULIA,SMOLI,EESTIMAA ÜHENDATUD VASAKPARTEI,1039,10923,545,2,0.0947,0.0000,false,false,false,false,false
JELENA,FJODOROVA,EESTIMAA ÜHENDATUD VASAKPARTEI,1049,10941,415,6,0.0734,0.0000,false,false,false,false,false
IGOR,HOPP,EESTIMAA ÜHENDATUD VASAKPARTEI,1045,10933,372,3,0.0583,0.0000,false,false,false,false,false
ALEKSANDR,TOLBIN,EESTIMAA ÜHENDATUD VASAKPARTEI,1046,10929,369,3,0.0578,0.0000,false,false,false,false,false
REDMOND,DULGER,EESTIMAA ÜHENDATUD VASAKPARTEI,1047,10902,317,4,0.0480,0.0000,false,false,false,false,false
VJATŠESLAV,MAKARONSKI,EESTIMAA ÜHENDATUD VASAKPARTEI,1058,10991,288,12,0.0460,0.0000,false,false,false,false,false
OKSANA,GARMATJUK,EESTIMAA ÜHENDATUD VASAKPARTEI,1037,10872,245,1,0.0398,0.0000,false,false,false,false,false
LEILA,EERITS,EESTIMAA ÜHENDATUD VASAKPARTEI,1044,10961,212,3,0.0332,0.0000,false,false,false,false,false
OLGA,TIMOFEJEVA,EESTIMAA ÜHENDATUD VASAKPARTEI,1052,10957,184,7,0.0374,0.0000,false,false,false,false,false
TAIVO,RIST,EESTIMAA ÜHENDATUD VASAKPARTEI,1036,10894,180,1,0.0292,0.0000,false,false,false,false,false
EDUARD,FEDOTOV,EESTIMAA ÜHENDATUD VASAKPARTEI,1040,10916,177,2,0.0308,0.0000,false,false,false,false,false
SILVIA,POSSAŠKOVA,EESTIMAA ÜHENDATUD VASAKPARTEI,1051,10943,163,7,0.0331,0.0000,false,false,false,false,false
ALEKSEI,TETEREV,EESTIMAA ÜHENDATUD VASAKPARTEI,1041,10881,155,2,0.0269,0.0000,false,false,false,false,false
VIIVI-HELBE,PELJUHHOVSKA,EESTIMAA ÜHENDATUD VASAKPARTEI,1057,11049,135,10,0.0220,0.0000,false,false,false,false,false
SANDRA,SIRGE,EESTIMAA ÜHENDATUD VASAKPARTEI,1035,11033,110,1,0.0179,0.0000,false,false,false,false,false
VADIM,GRI,EESTIMAA ÜHENDATUD VASAKPARTEI,1043,10963,70,2,0.0122,0.0000,false,false,false,false,false
ALEKSANDR,SPOSSOBIN,EESTIMAA ÜHENDATUD VASAKPARTEI,1053,11004,53,7,0.0108,0.0000,false,false,false,false,false
VALENTIN,BESSONOV,EESTIMAA ÜHENDATUD VASAKPARTEI,1042,10967,51,2,0.0089,0.0000,false,false,false,false,false
MARINA,KOZITSKAJA,EESTIMAA ÜHENDATUD VASAKPARTEI,1054,11000,29,7,0.0059,0.0000,false,false,false,false,false
